ID_REQ;ID_CLI;TOTAL_REQ;QTD_ITEN;DATA_REQ;ANO;MES;ID_SEC;ID_SET;OBSERVACAO
1173;12;R$ 112,50;1;21/01/2010;2010;1;6;7;
1174;12;R$ 231,00;1;21/01/2010;2010;1;6;7;
1175;10;R$ 97,00;2;26/01/2010;2010;1;4;5;
1176;13;R$ 660,74;8;28/01/2010;2010;1;3;4;
1177;1;R$ 31,50;1;12/01/2010;2010;1;1;1;
1178;10;R$ 1,17;1;04/01/2010;2010;1;4;6;
1179;10;R$ 143,54;4;04/01/2010;2010;1;4;6;
1180;13;R$ 2,58;2;04/01/2010;2010;1;3;4;
1181;10;R$ 1.564,95;5;18/01/2010;2010;1;4;6;
1182;10;R$ 1.120,00;1;20/01/2010;2010;1;4;5;
1183;12;R$ 6.950,00;2;04/02/2010;2010;2;6;7;
1184;1;R$ 379,60;5;08/02/2010;2010;2;1;1;
1185;5;R$ 45,00;1;22/02/2010;2010;2;5;8;
1186;13;R$ 55,20;1;08/02/2010;2010;2;3;4;
1187;10;R$ 558,80;17;19/02/2010;2010;2;4;5;
1188;13;R$ 161,67;1;23/02/2010;2010;2;3;4;
1189;13;R$ 17.892,50;1;08/02/2010;2010;2;3;4;
1190;13;R$ 800,00;1;05/02/2010;2010;2;3;4;
1191;13;R$ 560,00;1;24/02/2010;2010;2;3;4;
1192;13;R$ 219,25;13;19/02/2010;2010;2;3;4;
1193;13;R$ 846,06;14;05/02/2010;2010;2;3;4;
1194;13;R$ 7.147,90;51;05/02/2010;2010;2;3;4;
1195;10;R$ 528,29;13;17/02/2010;2010;2;4;5;
1196;12;R$ 338,00;2;05/02/2010;2010;2;6;7;
1197;12;R$ 293,30;8;19/02/2010;2010;2;6;7;
1198;10;R$ 954,00;1;18/02/2010;2010;2;4;5;
1199;10;R$ 0,14;1;22/02/2010;2010;2;4;5;
1200;13;R$ 2.391,82;11;22/02/2010;2010;2;3;4;
1201;10;R$ 1.431,00;1;17/03/2010;2010;3;4;5;
1202;5;R$ 1.005,00;4;01/03/2010;2010;3;5;8;
1203;5;R$ 2.500,00;6;30/03/2010;2010;3;5;8;
1204;12;R$ 2.189,00;4;03/03/2010;2010;3;6;7;
1205;12;R$ 501,00;5;03/03/2010;2010;3;6;7;
1206;12;R$ 195,50;3;10/03/2010;2010;3;6;7;
1207;12;R$ 1.650,00;1;04/03/2010;2010;3;6;7;
1208;12;R$ 4.771,82;15;08/03/2010;2010;3;6;7;
1209;10;R$ 35,00;2;04/03/2010;2010;3;4;5;
1210;10;R$ 100,00;2;03/03/2010;2010;3;4;5;
1211;1;R$ 308,00;2;01/03/2010;2010;3;1;1;
1212;1;R$ 1.285,95;18;22/03/2010;2010;3;1;1;
1213;10;R$ 1.108,00;3;01/03/2010;2010;3;4;5;
1214;10;R$ 2.013,30;12;02/03/2010;2010;3;4;6;
1215;10;R$ 3.744,20;14;08/03/2010;2010;3;4;6;
1216;10;R$ 1.739,30;10;08/03/2010;2010;3;4;6;
1217;13;R$ 2.431,20;6;09/03/2010;2010;3;3;4;
1218;13;R$ 280,00;1;25/03/2010;2010;3;3;4;
1219;13;R$ 2.641,00;13;15/03/2010;2010;3;3;4;
1220;13;R$ 2.886,50;16;22/03/2010;2010;3;3;4;
1221;10;R$ 1.218,00;13;30/04/2010;2010;4;4;5;
1222;10;R$ 375,00;1;30/04/2010;2010;4;4;5;
1223;10;R$ 180,00;6;20/04/2010;2010;4;4;5;
1224;10;R$ 502,50;16;08/04/2010;2010;4;4;5;
1225;10;R$ 139,90;5;08/04/2010;2010;4;4;5;
1226;10;R$ 440,00;1;08/04/2010;2010;4;4;5;
1227;12;R$ 72,00;6;20/04/2010;2010;4;6;7;
1228;12;R$ 704,00;1;14/04/2010;2010;4;6;7;
1229;10;R$ 1.846,00;5;14/04/2010;2010;4;4;6;
1230;10;R$ 4.437,40;14;14/04/2010;2010;4;4;6;
1231;10;R$ 1.490,00;1;05/04/2010;2010;4;4;5;
1232;1;R$ 54,00;1;04/04/2010;2010;4;1;1;
1233;1;R$ 1.490,00;1;05/04/2010;2010;4;1;1;
1234;1;R$ 120,00;1;08/04/2010;2010;4;1;1;
1235;12;R$ 80,00;1;08/04/2010;2010;4;6;7;
1236;12;R$ 377,10;2;09/04/2010;2010;4;6;7;
1237;12;R$ 264,00;4;08/04/2010;2010;4;6;7;
1238;13;R$ 270,00;1;08/04/2010;2010;4;3;4;
1239;13;R$ 137,00;9;08/04/2010;2010;4;3;4;
1240;13;R$ 741,20;17;13/04/2010;2010;4;3;4;
1241;13;R$ 320,00;1;13/04/2010;2010;4;3;4;
1242;13;R$ 3.357,50;1;29/04/2010;2010;4;3;4;
1243;13;R$ 480,00;5;27/04/2010;2010;4;3;4;
1244;13;R$ 137,00;5;13/04/2010;2010;4;3;4;
1245;13;R$ 1.675,15;11;05/04/2010;2010;4;3;4;
1246;13;R$ 3.671,50;11;12/04/2010;2010;4;3;4;
1247;13;R$ 2.008,70;11;19/04/2010;2010;4;3;4;
1248;13;R$ 4.148,90;15;26/04/2010;2010;4;3;4;
1249;13;R$ 2.999,10;10;30/04/2010;2010;4;3;4;
1250;10;R$ 788,15;24;26/05/2010;2010;5;4;5;
1251;10;R$ 971,75;27;26/05/2010;2010;5;4;5;
1252;10;R$ 148,00;5;27/05/2010;2010;5;4;5;
1253;10;R$ 407,15;6;12/05/2010;2010;5;4;5;
1254;10;R$ 1.398,20;8;12/05/2010;2010;5;4;5;
1255;10;R$ 2.942,00;11;07/05/2010;2010;5;4;6;
1256;10;R$ 1.358,26;6;21/05/2010;2010;5;4;5;
1257;10;R$ 180,00;1;24/05/2010;2010;5;4;5;
1258;10;R$ 476,07;2;07/05/2010;2010;5;4;5;
1259;13;R$ 868,80;7;06/05/2010;2010;5;3;4;
1260;12;R$ 128,50;10;26/05/2010;2010;5;6;7;
1261;12;R$ 1.417,20;4;20/05/2010;2010;5;6;7;
1262;12;R$ 411,80;4;06/05/2010;2010;5;6;7;
1263;10;R$ 1.246,40;8;06/05/2010;2010;5;4;5;
1264;1;R$ 195,00;3;25/05/2010;2010;5;1;1;
1265;13;R$ 2.571,95;13;03/05/2010;2010;5;3;4;
1266;13;R$ 3.740,31;13;10/05/2010;2010;5;3;4;
1267;13;R$ 666,70;3;17/05/2010;2010;5;3;4;
1268;13;R$ 3.398,70;14;25/05/2010;2010;5;3;4;
1269;13;R$ 1.629,10;9;31/05/2010;2010;5;3;4;
1270;10;R$ 200,00;1;17/06/2010;2010;6;4;5;
1271;10;R$ 560,00;3;28/06/2010;2010;6;4;5;
1272;10;R$ 38,50;1;22/06/2010;2010;6;4;5;
1273;10;R$ 75,00;1;22/06/2010;2010;6;4;5;
1274;10;R$ 104,00;3;22/06/2010;2010;6;4;5;
1275;10;R$ 118,50;7;07/06/2010;2010;6;4;5;
1276;10;R$ 743,88;13;04/06/2010;2010;6;4;5;
1277;10;R$ 630,00;1;14/06/2010;2010;6;4;5;
1278;10;R$ 732,00;1;14/06/2010;2010;6;4;5;
1279;10;R$ 4.123,40;14;02/06/2010;2010;6;4;6;
1280;10;R$ 4.123,40;14;18/06/2010;2010;6;4;6;
1281;12;R$ 80,00;1;17/06/2010;2010;6;6;7;
1282;12;R$ 297,00;6;10/06/2010;2010;6;6;7;
1283;12;R$ 3.110,00;3;28/06/2010;2010;6;6;7;
1284;12;R$ 143,50;17;22/06/2010;2010;6;6;7;
1285;12;R$ 53,00;2;22/06/2010;2010;6;6;7;
1286;12;R$ 201,00;4;04/06/2010;2010;6;6;7;
1287;12;R$ 746,16;5;10/06/2010;2010;6;6;7;
1288;13;R$ 466,00;2;04/06/2010;2010;6;3;4;
1289;13;R$ 183,00;4;07/06/2010;2010;6;3;4;
1290;13;R$ 176,35;11;04/06/2010;2010;6;3;4;
1291;13;R$ 670,60;10;11/06/2010;2010;6;3;4;
1292;13;R$ 1.000,00;1;11/06/2010;2010;6;3;4;
1293;1;R$ 80,00;1;17/06/2010;2010;6;1;1;
1294;1;R$ 1.746,75;33;09/06/2010;2010;6;1;1;
1295;13;R$ 2.157,84;6;02/06/2010;2010;6;3;4;
1296;13;R$ 1.610,00;2;18/06/2010;2010;6;3;4;
1297;12;R$ 466,00;2;30/06/2010;2010;6;6;7;
1298;13;R$ 4.448,56;17;07/06/2010;2010;6;3;4;
1299;13;R$ 2.679,14;15;14/06/2010;2010;6;3;4;
1300;13;R$ 3.046,30;12;21/06/2010;2010;6;3;4;
1301;13;R$ 289,50;1;22/06/2010;2010;6;3;4;
1302;13;R$ 360,00;1;11/06/2010;2010;6;3;4;
1303;13;R$ 300,00;1;02/06/2010;2010;6;3;4;
1304;13;R$ 160,00;1;18/06/2010;2010;6;3;4;
1305;10;R$ 3.666,00;14;20/07/2010;2010;7;4;6;
1306;10;R$ 1.305,66;8;02/07/2010;2010;7;4;5;
1307;10;R$ 347,90;11;28/07/2010;2010;7;4;5;
1308;12;R$ 185,85;1;05/07/2010;2010;7;6;7;
1309;12;R$ 2.490,60;9;20/07/2010;2010;7;6;7;
1310;12;R$ 1.240,00;1;05/07/2010;2010;7;6;7;
1311;12;R$ 2.932,20;2;21/07/2010;2010;7;6;7;
1312;1;R$ 562,50;2;06/07/2010;2010;7;1;1;
1313;13;R$ 1.616,00;11;13/07/2010;2010;7;3;4;
1314;12;R$ 316,70;1;09/07/2010;2010;7;6;7;
1315;13;R$ 601,30;14;05/07/2010;2010;7;3;4;
1316;13;R$ 368,40;14;05/07/2010;2010;7;3;4;
1317;13;R$ 84,30;3;05/07/2010;2010;7;3;4;
1318;13;R$ 601,30;14;05/07/2010;2010;7;3;4;
1319;13;R$ 368,40;14;05/07/2010;2010;7;3;4;
1320;13;R$ 84,30;3;05/07/2010;2010;7;3;4;
1321;13;R$ 1.502,00;8;13/07/2010;2010;7;3;4;
1322;13;R$ 3.717,68;16;26/07/2010;2010;7;3;4;
1323;13;R$ 41,00;4;16/08/2010;2010;8;3;4;
1324;12;R$ 194,50;6;09/08/2010;2010;8;6;7;
1325;12;R$ 1.731,10;5;25/08/2010;2010;8;6;7;
1326;12;R$ 80,00;1;23/08/2010;2010;8;6;7;
1327;12;R$ 1.358,40;6;14/08/2010;2010;8;6;7;
1328;12;R$ 1.826,00;4;12/08/2010;2010;8;6;7;
1329;12;R$ 425,00;1;14/08/2010;2010;8;6;7;
1330;12;R$ 220,00;1;14/08/2010;2010;8;6;7;
1331;12;R$ 74,00;5;17/08/2010;2010;8;6;7;
1332;13;R$ 565,80;1;13/08/2010;2010;8;3;4;
1333;10;R$ 1.125,50;4;05/08/2010;2010;8;4;5;
1334;10;R$ 464,50;4;04/08/2010;2010;8;4;5;
1335;10;R$ 240,00;1;23/08/2010;2010;8;4;5;
1336;10;R$ 600,00;1;23/08/2010;2010;8;4;5;
1337;10;R$ 92,00;3;09/08/2010;2010;8;4;5;
1338;10;R$ 8.095,18;14;19/08/2010;2010;8;4;5;
1339;1;R$ 1.245,00;1;24/08/2010;2010;8;1;1;
1340;1;R$ 485,40;4;05/08/2010;2010;8;1;1;
1341;1;R$ 80,00;1;23/08/2010;2010;8;1;1;
1342;13;R$ 1.679,10;16;13/08/2010;2010;8;3;4;
1343;13;R$ 500,70;6;13/08/2010;2010;8;3;4;
1344;13;R$ 388,05;1;25/08/2010;2010;8;3;4;
1345;13;R$ 5.162,00;8;27/08/2010;2010;8;3;4;
1346;13;R$ 1.679,10;16;13/08/2010;2010;8;3;4;
1347;10;R$ 2.203,35;10;30/08/2010;2010;8;4;6;
1348;1;R$ 1.245,00;1;24/08/2010;2010;8;1;1;
1349;13;R$ 984,00;7;09/08/2010;2010;8;3;4;
1350;13;R$ 1.880,00;7;16/08/2010;2010;8;3;4;
1351;13;R$ 2.772,20;7;02/08/2010;2010;8;3;4;
1352;13;R$ 3.113,10;12;09/08/2010;2010;8;3;4;
1353;13;R$ 2.666,00;13;16/08/2010;2010;8;3;4;
1354;13;R$ 2.049,85;10;23/08/2010;2010;8;3;4;
1355;13;R$ 1.379,30;8;30/08/2010;2010;8;3;4;
1356;10;R$ 1.527,50;5;17/09/2010;2010;9;4;5;
1357;10;R$ 1.570,00;5;17/09/2010;2010;9;4;5;
1358;10;R$ 337,70;16;08/09/2010;2010;9;4;5;
1359;10;R$ 127,50;9;08/09/2010;2010;9;4;5;
1360;10;R$ 5.433,00;13;29/09/2010;2010;9;4;5;
1361;10;R$ 5.953,00;17;09/09/2010;2010;9;4;5;
1362;12;R$ 775,20;4;24/09/2010;2010;9;6;7;
1363;12;R$ 546,00;1;10/09/2010;2010;9;6;7;
1364;12;R$ 156,60;1;01/09/2010;2010;9;6;7;
1365;1;R$ 123,00;4;08/09/2010;2010;9;1;1;
1366;13;R$ 284,01;2;03/09/2010;2010;9;3;4;
1367;13;R$ 460,50;2;08/09/2010;2010;9;3;4;
1368;13;R$ 265,52;1;03/09/2010;2010;9;3;4;
1369;13;R$ 1.200,00;1;23/09/2010;2010;9;3;4;
1370;10;R$ 739,00;11;08/09/2010;2010;9;4;5;
1371;13;R$ 1.612,40;10;09/09/2010;2010;9;3;4;
1372;13;R$ 4.080,00;7;08/09/2010;2010;9;3;4;
1373;13;R$ 2.490,00;2;09/09/2010;2010;9;3;4;
1374;13;R$ 255,00;1;03/09/2010;2010;9;3;4;
1375;13;R$ 345,80;1;10/09/2010;2010;9;3;4;
1376;13;R$ 4.094,00;11;20/09/2010;2010;9;3;4;
1377;13;R$ 2.195,69;9;30/09/2010;2010;9;3;4;
1378;13;R$ 3.313,00;8;21/10/2010;2010;10;3;4;
1379;13;R$ 564,00;2;13/10/2010;2010;10;3;4;
1380;13;R$ 396,00;1;14/10/2010;2010;10;3;4;
1381;13;R$ 600,00;1;21/10/2010;2010;10;3;4;
1382;1;R$ 72,00;2;26/10/2010;2010;10;1;1;
1383;1;R$ 80,00;1;18/10/2010;2010;10;1;1;
1384;1;R$ 554,00;3;22/10/2010;2010;10;1;1;
1385;12;R$ 4.439,85;10;18/10/2010;2010;10;6;7;
1386;12;R$ 80,00;1;18/10/2010;2010;10;6;7;
1387;12;R$ 1.060,60;3;13/10/2010;2010;10;6;7;
1388;12;R$ 160,45;2;28/10/2010;2010;10;6;7;
1389;14;R$ 160,00;1;08/10/2010;2010;10;4;5;
1390;14;R$ 600,00;1;18/10/2010;2010;10;4;5;
1391;12;R$ 80,00;1;28/10/2010;2010;10;6;7;
1392;13;R$ 5.718,00;14;25/10/2010;2010;10;3;4;
1393;14;R$ 1.844,83;29;26/11/2010;2010;11;4;5;
1394;14;R$ 1.497,22;25;26/11/2010;2010;11;4;5;
1395;14;R$ 2.345,91;27;26/11/2010;2010;11;4;5;
1396;14;R$ 743,88;13;24/11/2010;2010;11;4;5;
1397;14;R$ 114,00;2;24/11/2010;2010;11;4;5;
1398;14;R$ 592,00;2;24/11/2010;2010;11;4;5;
1399;14;R$ 2.039,00;5;18/11/2010;2010;11;4;5;
1400;14;R$ 1.930,00;5;08/11/2010;2010;11;4;5;
1401;14;R$ 1.572,50;5;08/11/2010;2010;11;4;5;
1402;12;R$ 1.469,64;14;26/11/2010;2010;11;6;7;
1403;12;R$ 2.169,50;7;11/11/2010;2010;11;6;7;
1404;12;R$ 1.339,05;8;11/11/2010;2010;11;6;7;
1405;12;R$ 389,00;1;24/11/2010;2010;11;6;7;
1406;13;R$ 1.592,60;24;26/11/2010;2010;11;3;4;
1407;13;R$ 2.704,20;22;26/11/2010;2010;11;3;4;
1408;13;R$ 4.312,50;9;18/11/2010;2010;11;3;4;
1409;13;R$ 879,90;1;12/11/2010;2010;11;3;4;
1410;13;R$ 682,00;1;18/11/2010;2010;11;3;4;
1411;13;R$ 165,00;1;10/11/2010;2010;11;3;4;
1412;13;R$ 430,00;3;10/11/2010;2010;11;3;4;
1413;13;R$ 320,00;2;29/11/2010;2010;11;3;4;
1414;12;R$ 7.475,10;18;29/12/2010;2010;12;6;7;
1415;12;R$ 897,50;5;30/12/2010;2010;12;6;7;
1416;12;R$ 126,00;10;31/12/2010;2010;12;6;7;
1417;12;R$ 182,00;16;31/12/2010;2010;12;6;7;
1418;12;R$ 182,00;11;31/12/2010;2010;12;6;7;
1419;12;R$ 1.559,88;5;09/12/2010;2010;12;6;7;
1420;12;R$ 40,00;1;14/12/2010;2010;12;6;7;
1421;12;R$ 718,80;4;09/12/2010;2010;12;6;7;
1422;12;R$ 3.280,00;4;03/12/2010;2010;12;6;7;
1423;12;R$ 1.200,00;1;03/12/2010;2010;12;6;7;
1424;13;R$ 10.376,40;11;03/12/2010;2010;12;3;4;
1425;13;R$ 1.321,70;14;03/12/2010;2010;12;3;4;
1426;13;R$ 3.057,00;10;03/12/2010;2010;12;3;4;
1427;13;R$ 4.220,00;16;03/12/2010;2010;12;3;4;
1428;13;R$ 2.112,00;7;17/12/2010;2010;12;3;4;
1429;13;R$ 1.022,00;7;20/12/2010;2010;12;3;4;
1430;13;R$ 5.518,04;20;27/12/2010;2010;12;3;4;
1431;1;R$ 80,00;1;14/12/2010;2010;12;1;1;
1432;14;R$ 34,00;1;16/12/2010;2010;12;4;5;
1433;14;R$ 66,00;2;16/12/2010;2010;12;4;5;
1434;14;R$ 1.600,00;12;07/12/2010;2010;12;4;5;
1435;14;R$ 60,00;2;17/12/2010;2010;12;4;5;
1436;14;R$ 2.732,22;71;16/12/2010;2010;12;4;5;
1437;14;R$ 2.612,25;43;16/12/2010;2010;12;4;5;
1438;14;R$ 883,70;14;03/12/2010;2010;12;4;5;
1439;14;R$ 6.400,60;13;03/12/2010;2010;12;4;5;
1440;14;R$ 4.714,80;14;03/12/2010;2010;12;4;5;
1441;14;R$ 600,00;1;01/12/2010;2010;12;4;5;
1442;14;R$ 240,00;1;14/12/2010;2010;12;4;5;
1443;14;R$ 280,00;1;14/12/2010;2010;12;4;5;
1444;13;R$ 4.481,56;12;06/12/2010;2010;12;3;4;
1445;13;R$ 690,00;1;02/12/2010;2010;12;3;4;
1446;1;R$ 2.171,30;36;06/12/2010;2010;12;1;1;
1447;13;R$ 651,90;7;26/01/2011;2011;1;3;4;
1448;13;R$ 960,00;1;08/01/2011;2011;1;3;4;
1449;13;R$ 2.725,00;3;26/01/2011;2011;1;3;4;
1451;13;R$ 507,50;2;27/01/2011;2011;1;3;4;
1452;14;R$ 573,50;10;12/01/2011;2011;1;4;5;
1453;10;R$ 1.015,60;2;10/01/2011;2011;1;4;5;
1454;12;R$ 1.736,70;6;12/01/2011;2011;1;6;7;
1455;13;R$ 270,00;1;12/01/2011;2011;1;3;4;
1456;1;R$ 1.040,77;13;06/01/2011;2011;1;1;1;
1457;1;R$ 1.486,98;11;28/01/2011;2011;1;1;1;
1458;13;R$ 1.913,13;17;22/02/2011;2011;2;3;4;
1459;13;R$ 2.550,80;14;17/02/2011;2011;2;3;4;
1460;13;R$ 1.435,60;5;17/02/2011;2011;2;3;4;
1461;13;R$ 595,65;6;02/02/2011;2011;2;3;4;
1462;13;R$ 693,60;1;02/02/2011;2011;2;3;4;
1463;13;R$ 53,80;1;22/02/2011;2011;2;3;4;
1464;13;R$ 1.422,00;8;10/02/2011;2011;2;3;4;
1465;12;R$ 230,00;1;10/02/2011;2011;2;6;7;
1466;12;R$ 703,94;4;09/02/2011;2011;2;6;7;
1467;12;R$ 88,00;6;03/02/2011;2011;2;6;7;
1468;12;R$ 191,25;5;09/02/2011;2011;2;6;7;
1469;12;R$ 191,25;5;09/02/2011;2011;2;6;7;
1470;1;R$ 468,00;6;24/02/2011;2011;2;1;1;
1471;14;R$ 64,50;3;24/02/2011;2011;2;4;5;
1472;13;R$ 5.369,60;18;22/02/2011;2011;2;3;9;
1473;13;R$ 322,00;1;22/02/2011;2011;2;3;9;
1474;14;R$ 4.128,00;1;04/03/2011;2011;3;4;5;
1475;14;R$ 3.139,20;1;10/03/2011;2011;3;4;5;
1476;14;R$ 259,00;1;18/03/2011;2011;3;4;5;
1477;14;R$ 271,00;11;23/03/2011;2011;3;4;5;
1478;14;R$ 80,00;2;09/03/2011;2011;3;4;5;
1479;14;R$ 170,00;2;09/03/2011;2011;3;4;5;
1480;14;R$ 80,00;1;29/03/2011;2011;3;4;5;
1481;14;R$ 60,00;2;30/03/2011;2011;3;4;5;
1482;14;R$ 210,00;2;30/03/2011;2011;3;4;5;
1483;14;R$ 250,26;3;18/03/2011;2011;3;4;5;
1484;1;R$ 570,00;2;09/03/2011;2011;3;1;1;
1485;1;R$ 205,00;2;30/03/2011;2011;3;1;1;
1486;1;R$ 960,00;4;16/03/2011;2011;3;1;1;
1487;13;R$ 260,00;1;02/03/2011;2011;3;3;4;
1488;13;R$ 403,00;5;19/03/2011;2011;3;3;4;
1489;13;R$ 134,95;2;12/03/2011;2011;3;3;4;
1490;13;R$ 453,20;2;31/03/2011;2011;3;3;4;
1491;13;R$ 125,00;1;09/03/2011;2011;3;3;4;
1492;13;R$ 40,00;1;30/03/2011;2011;3;3;4;
1493;12;R$ 1.012,00;2;11/03/2011;2011;3;6;7;
1494;12;R$ 1.135,44;7;01/03/2011;2011;3;6;7;
1495;12;R$ 1.360,00;1;01/03/2011;2011;3;6;7;
1496;12;R$ 1.090,00;2;02/03/2011;2011;3;6;7;
1497;12;R$ 775,98;3;18/03/2011;2011;3;6;7;
1498;12;R$ 734,76;9;20/03/2011;2011;3;6;7;
1499;12;R$ 2.752,45;6;01/03/2011;2011;3;6;7;
1500;12;R$ 200,00;2;30/03/2011;2011;3;6;7;
1501;12;R$ 181,25;7;24/03/2011;2011;3;6;7;
1502;12;R$ 771,00;5;30/03/2011;2011;3;6;7;
1503;12;R$ 180,00;2;09/03/2011;2011;3;6;7;
1504;12;R$ 100,00;2;30/03/2011;2011;3;6;7;
1505;1;R$ 496,81;3;31/03/2011;2011;3;1;1;
1506;1;R$ 300,80;1;18/03/2011;2011;3;1;1;
1507;13;R$ 1.833,60;6;15/03/2011;2011;3;3;9;
1508;13;R$ 955,50;5;28/03/2011;2011;3;3;9;
1509;16;R$ 1.497,00;1;27/04/2011;2011;4;4;5;
1510;16;R$ 40.800,00;2;19/04/2011;2011;4;4;5;
1511;13;R$ 760,00;1;05/04/2011;2011;4;3;4;
1512;13;R$ 600,00;1;27/04/2011;2011;4;3;4;
1513;12;R$ 6.260,50;12;06/04/2011;2011;4;6;7;
1514;12;R$ 1.641,15;1;06/04/2011;2011;4;6;7;
1515;1;R$ 81,00;2;27/04/2011;2011;4;1;1;
1516;13;R$ 23.480,90;18;04/05/2011;2011;5;3;9;
1517;13;R$ 1.892,00;2;14/05/2011;2011;5;3;4;
1518;13;R$ 5.311,00;13;17/05/2011;2011;5;3;4;
1519;13;R$ 3.017,62;14;23/05/2011;2011;5;3;4;
1520;13;R$ 2.985,10;7;11/05/2011;2011;5;3;4;
1521;13;R$ 66,00;1;30/05/2011;2011;5;3;4;
1522;13;R$ 660,00;1;30/05/2011;2011;5;3;4;
1523;13;R$ 2.000,00;1;13/05/2011;2011;5;3;4;
1524;13;R$ 242,00;5;24/05/2011;2011;5;3;4;
1525;13;R$ 4.213,50;11;24/05/2011;2011;5;3;4;
1526;13;R$ 900,00;1;18/05/2011;2011;5;3;4;
1527;12;R$ 3.037,00;4;17/05/2011;2011;5;6;7;
1528;12;R$ 1.540,00;2;20/05/2011;2011;5;6;7;
1529;12;R$ 374,65;6;05/05/2011;2011;5;6;7;
1530;12;R$ 220,00;1;27/05/2011;2011;5;6;7;
1531;12;R$ 230,00;4;16/05/2011;2011;5;6;7;
1532;1;R$ 150,00;1;23/05/2011;2011;5;1;1;
1533;1;R$ 228,40;10;06/05/2011;2011;5;1;1;
1534;1;R$ 150,00;1;26/05/2011;2011;5;1;1;
1535;16;R$ 286,00;4;30/05/2011;2011;5;4;5;
1536;16;R$ 99,00;1;31/05/2011;2011;5;4;5;
1537;16;R$ 154,00;2;31/05/2011;2011;5;4;5;
1538;16;R$ 461,40;3;16/05/2011;2011;5;4;5;
1539;16;R$ 49,00;1;16/05/2011;2011;5;4;5;
1540;16;R$ 33,00;1;16/05/2011;2011;5;4;5;
1541;16;R$ 111,60;2;09/05/2011;2011;5;4;5;
1542;16;R$ 3.475,00;2;05/05/2011;2011;5;4;5;
1543;16;R$ 800,00;7;05/05/2011;2011;5;4;5;
1544;16;R$ 5.743,48;19;05/05/2011;2011;5;4;5;
1545;16;R$ 6.115,35;17;05/05/2011;2011;5;4;5;
1546;16;R$ 280,00;1;05/05/2011;2011;5;4;5;
1547;16;R$ 1.656,60;8;11/05/2011;2011;5;4;5;
1548;16;R$ 885,20;9;04/05/2011;2011;5;4;5;
1549;1;R$ 150,40;1;27/05/2011;2011;5;1;1;
1550;13;R$ 3.733,20;13;09/05/2011;2011;5;3;9;
1551;13;R$ 333,00;1;09/05/2011;2011;5;3;9;
1552;13;R$ 1.543,20;2;09/05/2011;2011;5;3;9;
1553;13;R$ 432,00;1;24/05/2011;2011;5;3;9;
1554;13;R$ 5.266,50;13;07/06/2011;2011;6;3;9;
1555;13;R$ 4.179,50;8;14/06/2011;2011;6;3;9;
1556;13;R$ 2.234,75;6;21/06/2011;2011;6;3;9;
1557;13;R$ 1.591,75;3;28/06/2011;2011;6;3;9;
1558;1;R$ 846,10;10;10/06/2011;2011;6;1;1;
1559;1;R$ 180,80;6;15/06/2011;2011;6;1;1;
1560;1;R$ 313,46;10;15/06/2011;2011;6;1;1;
1561;12;R$ 344,42;5;15/06/2011;2011;6;6;7;
1562;12;R$ 1.515,00;3;15/06/2011;2011;6;6;7;
1563;12;R$ 960,00;14;09/06/2011;2011;6;6;7;
1564;12;R$ 250,00;1;05/06/2011;2011;6;6;7;
1565;12;R$ 468,00;2;30/06/2011;2011;6;6;7;
1566;16;R$ 3.623,80;21;20/06/2011;2011;6;4;5;
1567;16;R$ 881,00;15;20/06/2011;2011;6;4;5;
1568;16;R$ 649,75;12;20/06/2011;2011;6;4;5;
1569;16;R$ 965,00;14;20/06/2011;2011;6;4;5;
1570;16;R$ 309,90;9;20/06/2011;2011;6;4;5;
1571;16;R$ 55,80;2;11/06/2011;2011;6;4;5;
1572;16;R$ 68,40;1;11/06/2011;2011;6;4;5;
1573;16;R$ 78,60;2;11/06/2011;2011;6;4;5;
1574;13;R$ 7.113,50;14;08/06/2011;2011;6;3;4;
1575;13;R$ 298,00;8;27/06/2011;2011;6;3;4;
1576;13;R$ 524,40;1;11/06/2011;2011;6;3;4;
1577;13;R$ 4.172,24;5;20/06/2011;2011;6;3;4;
1578;13;R$ 75,00;1;26/07/2011;2011;7;3;4;
1579;1;R$ 300,00;2;26/07/2011;2011;7;1;1;
1580;16;R$ 3.756,39;24;06/07/2011;2011;7;4;5;
1581;16;R$ 154,00;3;18/07/2011;2011;7;4;5;
1582;16;R$ 120,00;5;18/07/2011;2011;7;4;5;
1583;16;R$ 88,00;2;05/07/2011;2011;7;4;5;
1584;16;R$ 131,80;4;05/07/2011;2011;7;4;5;
1585;16;R$ 88,80;2;05/07/2011;2011;7;4;5;
1586;16;R$ 1.534,40;10;29/07/2011;2011;7;4;5;
1587;16;R$ 749,00;2;15/07/2011;2011;7;4;5;
1588;12;R$ 61,50;3;15/07/2011;2011;7;6;7;
1589;12;R$ 100,00;2;26/07/2011;2011;7;6;7;
1590;16;R$ 555,00;2;26/07/2011;2011;7;4;6;
1591;13;R$ 1.188,00;2;26/08/2011;2011;8;3;4;
1592;13;R$ 524,40;1;30/08/2011;2011;8;3;4;
1593;13;R$ 330,00;1;05/08/2011;2011;8;3;4;
1594;13;R$ 396,00;1;05/08/2011;2011;8;3;9;
1595;13;R$ 144,00;1;13/08/2011;2011;8;3;9;
1596;13;R$ 1.500,00;1;16/08/2011;2011;8;3;9;
1597;13;R$ 2.987,88;11;01/08/2011;2011;8;3;9;
1598;1;R$ 400,60;4;30/08/2011;2011;8;1;1;
1599;1;R$ 869,60;4;08/08/2011;2011;8;1;1;
1600;1;R$ 898,75;5;12/08/2011;2011;8;1;1;
1601;1;R$ 430,00;4;03/08/2011;2011;8;1;1;
1602;13;R$ 2.278,60;7;15/08/2011;2011;8;3;4;
1603;16;R$ 3.006,30;13;09/08/2011;2011;8;4;5;
1604;16;R$ 3.298,78;15;25/08/2011;2011;8;4;5;
1605;16;R$ 230,00;1;12/08/2011;2011;8;4;5;
1606;16;R$ 286,80;3;23/08/2011;2011;8;4;5;
1607;16;R$ 42,00;1;23/08/2011;2011;8;4;5;
1608;16;R$ 337,20;3;23/08/2011;2011;8;4;5;
1609;16;R$ 208,80;3;23/08/2011;2011;8;4;5;
1610;16;R$ 117,45;5;15/08/2011;2011;8;4;5;
1611;16;R$ 1.241,50;8;15/08/2011;2011;8;4;5;
1612;16;R$ 337,20;3;08/08/2011;2011;8;4;5;
1613;16;R$ 231,00;2;16/08/2011;2011;8;4;5;
1614;16;R$ 208,00;2;08/08/2011;2011;8;4;5;
1615;16;R$ 234,00;2;13/08/2011;2011;8;4;5;
1616;16;R$ 4.000,00;16;27/08/2011;2011;8;4;5;
1617;13;R$ 812,20;5;15/08/2011;2011;8;3;4;
1618;12;R$ 1.175,00;2;22/08/2011;2011;8;6;7;
1619;12;R$ 250,00;1;01/08/2011;2011;8;6;7;
1620;12;R$ 2.085,00;7;24/08/2011;2011;8;6;7;
1621;12;R$ 1.019,12;5;05/08/2011;2011;8;6;7;
1622;12;R$ 1.836,76;3;19/08/2011;2011;8;6;7;
1623;12;R$ 500,00;3;02/08/2011;2011;8;6;7;
1624;12;R$ 703,00;7;13/08/2011;2011;8;6;7;
1625;12;R$ 250,00;1;01/08/2011;2011;8;6;7;
1626;13;R$ 4.525,25;9;01/08/2011;2011;8;3;9;
1627;13;R$ 1.469,95;4;01/08/2011;2011;8;3;9;
1628;13;R$ 5.046,45;17;08/08/2011;2011;8;3;9;
1629;13;R$ 4.025,70;12;15/08/2011;2011;8;3;9;
1630;13;R$ 5.842,82;15;29/08/2011;2011;8;3;9;
1631;13;R$ 4.228,48;12;22/08/2011;2011;8;3;9;
1632;13;R$ 524,40;1;14/09/2011;2011;9;3;4;
1633;13;R$ 980,00;1;21/09/2011;2011;9;3;4;
1634;13;R$ 1.000,00;1;30/09/2011;2011;9;3;4;
1635;13;R$ 2.820,00;1;02/09/2011;2011;9;3;4;
1636;13;R$ 4.366,00;3;28/09/2011;2011;9;3;4;
1637;12;R$ 380,00;3;08/09/2011;2011;9;6;7;
1638;12;R$ 3.556,38;17;29/09/2011;2011;9;6;7;
1639;12;R$ 165,00;3;13/09/2011;2011;9;6;7;
1640;12;R$ 65,00;1;13/09/2011;2011;9;6;7;
1641;12;R$ 428,00;14;13/09/2011;2011;9;6;7;
1642;16;R$ 510,00;1;13/09/2011;2011;9;4;5;
1643;16;R$ 499,00;1;03/09/2011;2011;9;4;5;
1644;16;R$ 167,90;9;13/09/2011;2011;9;4;5;
1645;16;R$ 214,85;4;13/09/2011;2011;9;4;5;
1646;16;R$ 470,30;20;13/09/2011;2011;9;4;5;
1647;16;R$ 2.451,50;11;09/09/2011;2011;9;4;5;
1648;16;R$ 198,60;3;14/09/2011;2011;9;4;5;
1649;16;R$ 3.059,84;24;15/09/2011;2011;9;4;5;
1650;16;R$ 499,00;1;23/09/2011;2011;9;4;5;
1651;16;R$ 65,80;3;28/09/2011;2011;9;4;5;
1652;16;R$ 2.414,65;7;23/09/2011;2011;9;4;5;
1653;16;R$ 133,40;3;28/09/2011;2011;9;4;5;
1654;16;R$ 314,40;3;28/09/2011;2011;9;4;5;
1655;16;R$ 229,80;4;28/09/2011;2011;9;4;5;
1656;13;R$ 3.868,45;12;05/09/2011;2011;9;3;9;
1657;13;R$ 4.683,75;17;12/09/2011;2011;9;3;9;
1658;13;R$ 4.340,75;12;19/09/2011;2011;9;3;9;
1659;13;R$ 4.237,59;13;26/09/2011;2011;9;3;9;
1660;13;R$ 997,40;6;16/09/2011;2011;9;3;9;
1661;1;R$ 364,00;4;17/10/2011;2011;10;1;1;
1662;1;R$ 650,00;2;17/10/2011;2011;10;1;1;
1663;16;R$ 1.128,81;1;10/10/2011;2011;10;4;5;
1664;16;R$ 1.110,00;1;14/10/2011;2011;10;4;5;
1665;16;R$ 668,50;3;05/10/2011;2011;10;4;5;
1666;16;R$ 3.246,92;7;17/10/2011;2011;10;4;5;
1667;16;R$ 3.688,00;13;17/10/2011;2011;10;4;5;
1668;16;R$ 1.079,30;16;31/10/2011;2011;10;4;5;
1669;16;R$ 599,30;16;31/10/2011;2011;10;4;5;
1670;16;R$ 20,00;1;31/10/2011;2011;10;4;5;
1671;16;R$ 577,70;18;31/10/2011;2011;10;4;5;
1672;16;R$ 80,00;2;31/10/2011;2011;10;4;5;
1673;16;R$ 575,00;2;17/10/2011;2011;10;4;5;
1674;12;R$ 1.123,50;1;28/10/2011;2011;10;6;7;
1675;12;R$ 880,50;2;28/10/2011;2011;10;6;7;
1676;12;R$ 1.612,50;2;24/10/2011;2011;10;6;7;
1677;12;R$ 105,00;2;17/10/2011;2011;10;6;7;
1678;13;R$ 980,00;1;26/10/2011;2011;10;3;4;
1679;13;R$ 4.987,50;8;20/10/2011;2011;10;3;4;
1680;13;R$ 175,00;1;17/10/2011;2011;10;3;4;
1681;13;R$ 524,40;1;04/10/2011;2011;10;3;4;
1682;13;R$ 4.512,43;11;03/10/2011;2011;10;3;9;
1683;13;R$ 3.628,12;11;10/10/2011;2011;10;3;9;
1684;13;R$ 2.255,60;8;17/10/2011;2011;10;3;9;
1685;13;R$ 4.016,35;10;24/10/2011;2011;10;3;9;
1686;13;R$ 572,00;4;05/10/2011;2011;10;3;9;
1687;16;R$ 536,50;8;10/11/2011;2011;11;4;5;
1688;16;R$ 472,25;24;26/11/2011;2011;11;4;5;
1689;16;R$ 1.454,50;6;08/11/2011;2011;11;4;5;
1690;16;R$ 136,00;1;07/11/2011;2011;11;4;5;
1691;16;R$ 643,05;20;26/11/2011;2011;11;4;5;
1692;16;R$ 405,85;17;26/11/2011;2011;11;4;5;
1693;16;R$ 264,80;12;30/11/2011;2011;11;4;5;
1694;16;R$ 40,00;1;30/11/2011;2011;11;4;5;
1695;16;R$ 1.084,10;13;30/11/2011;2011;11;4;5;
1696;16;R$ 20,00;1;30/11/2011;2011;11;4;5;
1697;16;R$ 380,30;16;01/11/2011;2011;11;4;5;
1698;16;R$ 1.143,56;15;23/11/2011;2011;11;4;5;
1699;1;R$ 554,00;3;10/11/2011;2011;11;1;1;
1700;1;R$ 2.141,00;13;30/11/2011;2011;11;1;1;
1701;1;R$ 768,00;1;07/11/2011;2011;11;1;1;
1702;1;R$ 1.601,42;20;30/11/2011;2011;11;1;1;
1703;1;R$ 290,90;5;22/11/2011;2011;11;1;1;
1704;1;R$ 75,00;2;22/11/2011;2011;11;1;1;
1705;12;R$ 814,50;7;10/11/2011;2011;11;6;7;
1706;12;R$ 315,00;4;04/11/2011;2011;11;6;7;
1707;12;R$ 757,50;3;01/11/2011;2011;11;6;7;
1708;12;R$ 2.225,00;5;04/11/2011;2011;11;6;7;
1709;13;R$ 501,60;1;15/11/2011;2011;11;3;4;
1710;13;R$ 1.477,50;9;15/11/2011;2011;11;3;4;
1711;13;R$ 4.313,75;7;07/11/2011;2011;11;3;4;
1712;13;R$ 7.048,67;15;07/11/2011;2011;11;3;9;
1713;13;R$ 2.167,74;10;22/11/2011;2011;11;3;9;
1714;13;R$ 3.452,00;10;29/11/2011;2011;11;3;9;
1715;13;R$ 4.258,45;8;20/12/2011;2011;12;3;4;
1716;13;R$ 1.000,00;1;12/12/2011;2011;12;3;4;
1717;13;R$ 577,89;5;09/12/2011;2011;12;3;4;
1718;13;R$ 75,00;1;15/12/2011;2011;12;3;4;
1719;13;R$ 13.578,89;84;16/12/2011;2011;12;3;4;
1720;13;R$ 2.116,50;35;16/12/2011;2011;12;3;4;
1721;13;R$ 4.690,00;19;29/12/2011;2011;12;3;4;
1722;13;R$ 5.911,00;35;04/12/2011;2011;12;3;4;
1723;13;R$ 3.360,10;36;16/12/2011;2011;12;3;4;
1724;12;R$ 85,00;2;15/12/2011;2011;12;6;7;
1725;12;R$ 340,00;14;20/12/2011;2011;12;6;7;
1726;12;R$ 1.812,00;4;06/12/2011;2011;12;6;7;
1727;5;R$ 160,00;1;13/12/2011;2011;12;5;8;
1728;1;R$ 380,00;2;15/12/2011;2011;12;1;1;
1729;1;R$ 320,00;3;01/12/2011;2011;12;1;1;
1730;1;R$ 546,00;1;07/12/2011;2011;12;1;1;
1731;1;R$ 1.338,48;9;07/12/2011;2011;12;1;1;
1732;1;R$ 1.567,00;7;16/12/2011;2011;12;1;1;
1733;16;R$ 264,60;14;16/12/2011;2011;12;4;5;
1734;16;R$ 897,00;2;20/12/2011;2011;12;4;5;
1735;16;R$ 2.345,80;5;20/12/2011;2011;12;4;5;
1736;16;R$ 2.495,00;1;20/12/2011;2011;12;4;5;
1737;16;R$ 105,00;2;15/12/2011;2011;12;4;5;
1738;16;R$ 370,00;2;15/12/2011;2011;12;4;5;
1739;16;R$ 312,12;3;06/12/2011;2011;12;4;5;
1740;16;R$ 4.196,50;15;27/12/2011;2011;12;4;5;
1741;16;R$ 1.801,50;7;01/12/2011;2011;12;4;5;
1742;16;R$ 354,20;24;15/12/2011;2011;12;4;5;
1743;16;R$ 713,90;20;16/12/2011;2011;12;4;5;
1744;16;R$ 345,50;22;16/12/2011;2011;12;4;5;
1745;16;R$ 212,00;14;15/12/2011;2011;12;4;5;
1746;16;R$ 746,20;18;16/12/2011;2011;12;4;5;
1747;16;R$ 42.010,00;4;23/12/2011;2011;12;4;5;
1748;16;R$ 9.225,89;61;21/12/2011;2011;12;4;5;
1749;16;R$ 2.783,60;74;22/12/2011;2011;12;4;5;
1750;13;R$ 3.279,20;8;02/12/2011;2011;12;3;9;
1751;13;R$ 85,00;1;07/12/2011;2011;12;3;9;
1752;1;R$ 186,56;1;19/12/2011;2011;12;1;1;
1753;16;R$ 947,94;15;26/01/2012;2012;1;4;5;
1754;16;R$ 312,00;1;12/01/2012;2012;1;4;5;
1755;13;R$ 1.152,00;1;19/01/2012;2012;1;3;4;
1756;13;R$ 3.400,00;3;21/01/2012;2012;1;3;4;
1757;12;R$ 1.384,00;11;16/01/2012;2012;1;6;7;
1758;12;R$ 3.863,00;13;16/01/2012;2012;1;6;7;
1759;12;R$ 1.216,00;2;16/01/2012;2012;1;6;7;
1760;12;R$ 503,75;9;12/01/2012;2012;1;6;7;
1761;12;R$ 2.771,00;12;12/01/2012;2012;1;6;7;
1762;12;R$ 43,45;1;19/01/2012;2012;1;6;7;
1763;12;R$ 64,39;3;19/01/2012;2012;1;6;7;
1764;1;R$ 128,00;1;12/01/2012;2012;1;1;1;
1765;1;R$ 256,00;1;18/01/2012;2012;1;1;1;
1766;1;R$ 256,00;1;06/02/2012;2012;2;1;1;
1767;1;R$ 128,00;1;15/02/2012;2012;2;1;1;
1768;1;R$ 384,00;1;27/02/2012;2012;2;1;1;
1769;12;R$ 494,75;9;02/02/2012;2012;2;6;7;
1770;13;R$ 3.756,05;13;14/02/2012;2012;2;3;9;
1771;13;R$ 1.682,05;9;28/02/2012;2012;2;3;9;
1772;13;R$ 132,00;1;28/02/2012;2012;2;3;9;
1773;12;R$ 4.487,90;18;16/02/2012;2012;2;6;7;
1774;12;R$ 100,00;1;15/02/2012;2012;2;6;7;
1775;12;R$ 785,00;8;14/02/2012;2012;2;6;7;
1776;1;R$ 573,50;3;09/02/2012;2012;2;1;1;
1777;1;R$ 326,74;14;01/02/2012;2012;2;1;1;
1778;12;R$ 534,64;11;07/02/2012;2012;2;6;7;
1779;13;R$ 7.862,10;23;13/03/2012;2012;3;3;4;
1780;13;R$ 1.470,00;1;30/03/2012;2012;3;3;4;
1781;13;R$ 4.920,00;3;15/03/2012;2012;3;3;4;
1782;13;R$ 537,00;1;08/03/2012;2012;3;3;4;
1783;1;R$ 1.266,20;7;09/03/2012;2012;3;1;1;
1784;1;R$ 63,00;2;01/03/2012;2012;3;1;1;
1785;1;R$ 800,00;1;12/03/2012;2012;3;1;1;
1786;1;R$ 137,40;1;13/03/2012;2012;3;1;1;
1787;1;R$ 590,00;1;29/03/2012;2012;3;1;1;
1788;12;R$ 530,00;1;16/03/2012;2012;3;6;7;
1789;12;R$ 295,00;7;15/03/2012;2012;3;6;7;
1790;12;R$ 1.090,00;4;20/03/2012;2012;3;6;7;
1791;12;R$ 2.149,48;8;19/03/2012;2012;3;6;7;
1792;12;R$ 262,00;1;16/03/2012;2012;3;6;7;
1793;12;R$ 1.800,00;1;27/03/2012;2012;3;6;7;
1794;12;R$ 1.450,96;11;29/03/2012;2012;3;6;7;
1795;12;R$ 670,00;4;28/03/2012;2012;3;6;7;
1796;12;R$ 4.516,56;2;27/03/2012;2012;3;6;7;
1797;16;R$ 179,45;6;13/03/2012;2012;3;4;5;
1798;16;R$ 142,00;5;15/03/2012;2012;3;4;5;
1799;16;R$ 390,00;1;23/03/2012;2012;3;4;5;
1800;1;R$ 128,00;1;01/03/2012;2012;3;1;1;
1801;16;R$ 405,30;24;17/04/2012;2012;4;4;5;
1802;13;R$ 100,00;1;23/04/2012;2012;4;3;4;
1803;1;R$ 225,00;2;18/04/2012;2012;4;1;1;
1804;1;R$ 393,00;2;23/04/2012;2012;4;1;1;
1805;12;R$ 6.632,83;11;12/04/2012;2012;4;6;7;
1806;12;R$ 784,00;2;16/04/2012;2012;4;6;7;
1807;12;R$ 483,36;11;12/04/2012;2012;4;6;7;
1808;12;R$ 923,00;6;17/04/2012;2012;4;6;7;
1809;12;R$ 144,00;2;23/04/2012;2012;4;6;7;
1810;12;R$ 1.200,00;1;18/04/2012;2012;4;6;7;
1811;12;R$ 202,30;2;27/04/2012;2012;4;6;7;
1812;12;R$ 1.184,00;10;26/04/2012;2012;4;6;7;
1813;13;R$ 3.105,78;8;11/04/2012;2012;4;3;9;
1814;13;R$ 4.087,06;9;16/04/2012;2012;4;3;9;
1815;13;R$ 2.865,61;12;23/04/2012;2012;4;3;9;
1816;13;R$ 282,70;13;23/05/2012;2012;5;3;4;
1817;13;R$ 2.980,00;1;23/05/2012;2012;5;3;4;
1818;13;R$ 1.260,00;1;29/05/2012;2012;5;3;4;
1819;13;R$ 428,60;5;23/05/2012;2012;5;3;4;
1820;13;R$ 3.806,00;6;07/05/2012;2012;5;3;4;
1821;1;R$ 320,80;5;16/05/2012;2012;5;1;1;
1822;1;R$ 1.195,00;9;24/05/2012;2012;5;1;1;
1823;1;R$ 589,79;6;23/05/2012;2012;5;1;1;
1824;1;R$ 220,20;1;06/05/2012;2012;5;1;1;
1825;12;R$ 368,00;1;23/05/2012;2012;5;6;7;
1826;12;R$ 1.622,95;10;29/05/2012;2012;5;6;7;
1827;12;R$ 669,25;6;31/05/2012;2012;5;6;7;
1828;12;R$ 65,00;1;08/05/2012;2012;5;6;7;
1829;12;R$ 522,00;1;05/05/2012;2012;5;6;7;
1830;12;R$ 952,00;2;07/05/2012;2012;5;6;7;
1831;12;R$ 5.280,00;1;14/05/2012;2012;5;6;7;
1832;12;R$ 345,00;1;02/05/2012;2012;5;6;7;
1833;16;R$ 221,92;1;22/05/2012;2012;5;4;5;
1834;16;R$ 340,00;1;23/05/2012;2012;5;4;5;
1835;16;R$ 254,40;9;23/05/2012;2012;5;4;5;
1836;16;R$ 300,00;1;29/05/2012;2012;5;4;5;
1837;16;R$ 129,43;8;08/05/2012;2012;5;4;5;
1838;12;R$ 368,00;1;30/05/2012;2012;5;6;7;
1839;13;R$ 1.584,33;8;02/05/2012;2012;5;3;9;
1840;13;R$ 5.509,04;10;07/05/2012;2012;5;3;9;
1841;13;R$ 3.727,85;9;14/05/2012;2012;5;3;9;
1842;13;R$ 1.523,20;1;17/05/2012;2012;5;3;9;
1843;13;R$ 2.316,20;11;22/05/2012;2012;5;3;9;
1844;13;R$ 2.732,00;4;29/05/2012;2012;5;3;9;
1845;13;R$ 6.350,52;15;28/05/2012;2012;5;3;9;
1846;16;R$ 510,00;12;21/06/2012;2012;6;4;5;
1847;12;R$ 3.729,00;3;11/06/2012;2012;6;6;7;
1848;12;R$ 4.570,00;14;14/06/2012;2012;6;6;7;
1849;12;R$ 961,30;5;15/06/2012;2012;6;6;7;
1850;12;R$ 658,00;5;26/06/2012;2012;6;6;7;
1851;12;R$ 449,22;11;06/06/2012;2012;6;6;7;
1852;13;R$ 1.590,00;1;13/06/2012;2012;6;3;4;
1853;13;R$ 481,60;2;14/06/2012;2012;6;3;4;
1854;13;R$ 4.175,80;9;04/06/2012;2012;6;3;4;
1855;13;R$ 1.164,45;9;29/06/2012;2012;6;3;4;
1856;13;R$ 1.266,97;8;04/06/2012;2012;6;3;9;
1857;13;R$ 4.360,74;11;11/06/2012;2012;6;3;9;
1858;13;R$ 4.662,33;11;18/06/2012;2012;6;3;9;
1859;13;R$ 3.466,76;14;25/06/2012;2012;6;3;9;
1860;13;R$ 786,68;3;25/06/2012;2012;6;3;9;
1861;13;R$ 400,20;1;14/06/2012;2012;6;3;9;
1862;1;R$ 326,00;2;11/07/2012;2012;7;1;1;
1863;1;R$ 172,00;2;13/07/2012;2012;7;1;1;
1864;1;R$ 137,20;3;20/07/2012;2012;7;1;1;
1865;16;R$ 114,00;2;27/07/2012;2012;7;4;5;
1866;16;R$ 90,41;6;03/07/2012;2012;7;4;5;
1867;12;R$ 243,29;7;03/07/2012;2012;7;6;7;
1868;12;R$ 134,00;2;11/07/2012;2012;7;6;7;
1869;12;R$ 936,00;1;20/07/2012;2012;7;6;7;
1870;12;R$ 408,55;9;21/07/2012;2012;7;6;7;
1871;12;R$ 206,01;15;03/07/2012;2012;7;6;7;
1872;13;R$ 4.208,00;4;10/07/2012;2012;7;3;4;
1873;13;R$ 50,00;1;11/07/2012;2012;7;3;4;
1874;13;R$ 3.495,65;7;02/07/2012;2012;7;3;4;
1875;13;R$ 395,00;3;24/07/2012;2012;7;3;4;
1876;12;R$ 25,00;1;03/07/2012;2012;7;6;7;
1877;1;R$ 19.725,35;38;10/07/2012;2012;7;1;1;
1878;1;R$ 12.902,76;32;09/07/2012;2012;7;1;1;
1879;16;R$ 7.518,70;1;12/07/2012;2012;7;4;5;
1880;13;R$ 4.856,28;1;11/07/2012;2012;7;3;4;
1881;13;R$ 12.636,34;1;12/07/2012;2012;7;3;4;
1882;13;R$ 29.928,28;1;10/07/2012;2012;7;3;4;
1883;13;R$ 9.654,52;1;10/07/2012;2012;7;3;4;
1884;13;R$ 6.633,58;11;07/08/2012;2012;8;3;9;
1885;13;R$ 2.937,90;8;13/08/2012;2012;8;3;9;
1886;13;R$ 4.363,51;12;20/08/2012;2012;8;3;9;
1887;13;R$ 1.680,00;1;15/08/2012;2012;8;3;4;
1888;12;R$ 6.021,70;10;09/08/2012;2012;8;6;7;
1889;12;R$ 2.010,00;3;07/08/2012;2012;8;6;7;
1890;1;R$ 141,60;2;06/08/2012;2012;8;1;1;
1891;1;R$ 666,10;3;09/08/2012;2012;8;1;1;
1892;16;R$ 469,10;3;09/08/2012;2012;8;4;5;
1893;13;R$ 3.572,79;6;20/08/2012;2012;8;3;9;
1894;13;R$ 5.356,96;12;27/08/2012;2012;8;3;9;
1895;13;R$ 1.519,20;6;17/09/2012;2012;9;3;4;
1896;13;R$ 136,00;2;17/09/2012;2012;9;3;4;
1897;13;R$ 564,00;14;13/09/2012;2012;9;3;4;
1898;13;R$ 704,00;1;06/09/2012;2012;9;3;4;
1899;12;R$ 493,00;8;13/09/2012;2012;9;6;7;
1900;12;R$ 7.924,00;5;03/09/2012;2012;9;6;7;
1901;1;R$ 68,70;1;12/09/2012;2012;9;1;1;
1902;1;R$ 133,00;3;12/09/2012;2012;9;1;1;
1903;13;R$ 7.952,26;16;10/09/2012;2012;9;3;9;
1904;13;R$ 2.331,76;8;17/09/2012;2012;9;3;9;
1905;1;R$ 11.267,20;11;24/09/2012;2012;9;1;1;
1906;1;R$ 2.468,90;3;01/10/2012;2012;10;1;1;
1907;1;R$ 107,50;2;25/10/2012;2012;10;1;1;
1908;1;R$ 960,00;1;16/10/2012;2012;10;1;1;
1909;1;R$ 960,00;1;22/10/2012;2012;10;1;1;
1910;12;R$ 1.788,04;16;26/10/2012;2012;10;6;7;
1911;13;R$ 6.842,93;14;02/10/2012;2012;10;3;9;
1912;13;R$ 3.129,03;13;08/10/2012;2012;10;3;9;
1913;13;R$ 4.648,50;11;23/10/2012;2012;10;3;9;
1914;13;R$ 60,00;1;14/11/2012;2012;11;3;4;
1915;13;R$ 59,40;1;01/11/2012;2012;11;3;4;
1916;16;R$ 124,00;2;14/11/2012;2012;11;4;5;
1917;1;R$ 343,00;2;14/11/2012;2012;11;1;1;
1918;12;R$ 201,00;2;14/11/2012;2012;11;6;7;
1919;13;R$ 6.350,56;13;06/11/2012;2012;11;3;9;
1920;13;R$ 4.297,44;10;12/11/2012;2012;11;3;9;
1921;13;R$ 5.475,90;10;19/11/2012;2012;11;3;9;
1922;13;R$ 5.095,80;7;27/11/2012;2012;11;3;9;
1923;13;R$ 530,00;3;15/12/2012;2012;12;3;4;
1924;13;R$ 840,00;1;20/12/2012;2012;12;3;4;
1925;13;R$ 456,00;3;20/12/2012;2012;12;3;4;
1926;1;R$ 506,10;3;20/12/2012;2012;12;1;1;
1927;1;R$ 251,00;2;21/12/2012;2012;12;1;1;
1928;1;R$ 787,50;1;17/12/2012;2012;12;1;1;
1929;1;R$ 5.250,00;4;11/12/2012;2012;12;1;1;
1930;12;R$ 2.893,10;21;11/12/2012;2012;12;6;7;
1931;12;R$ 3.054,70;12;13/12/2012;2012;12;6;7;
1932;12;R$ 322,09;1;19/12/2012;2012;12;6;7;
1933;12;R$ 144,00;2;21/12/2012;2012;12;6;7;
1934;12;R$ 810,00;1;05/12/2012;2012;12;6;7;
1935;13;R$ 1.875,10;4;05/12/2012;2012;12;3;9;
1936;12;R$ 892,50;10;31/01/2013;2013;1;6;7;
1937;12;R$ 422,00;2;16/01/2013;2013;1;6;7;
1938;12;R$ 1.070,00;2;16/01/2013;2013;1;6;7;
1939;12;R$ 408,87;16;17/01/2013;2013;1;6;7;
1940;1;R$ 208,84;13;16/01/2013;2013;1;1;1;
1941;1;R$ 556,00;1;27/02/2013;2013;2;1;1;
1942;13;R$ 5.646,69;20;16/02/2013;2013;2;3;9;
1943;12;R$ 1.650,40;7;20/02/2013;2013;2;6;7;
1944;12;R$ 1.080,00;1;18/02/2013;2013;2;6;7;
1945;12;R$ 260,00;4;08/02/2013;2013;2;6;7;
1946;1;R$ 724,50;3;27/02/2013;2013;2;1;1;
1947;1;R$ 217,00;3;26/02/2013;2013;2;1;1;
1948;1;R$ 619,00;9;21/02/2013;2013;2;1;1;
1949;12;R$ 2.006,97;17;25/02/2013;2013;2;6;7;
1950;13;R$ 9.732,91;26;12/03/2013;2013;3;3;9;
1951;1;R$ 525,00;2;14/03/2013;2013;3;1;1;
1952;1;R$ 500,00;2;21/03/2013;2013;3;1;1;
1953;13;R$ 7.590,00;1;07/03/2013;2013;3;3;9;
1954;13;R$ 105,00;2;14/03/2013;2013;3;3;4;
1955;13;R$ 1.100,00;3;27/03/2013;2013;3;3;4;
1956;13;R$ 1.040,00;2;27/03/2013;2013;3;3;4;
1957;13;R$ 3.163,00;14;05/03/2013;2013;3;3;9;
1958;13;R$ 7.000,04;12;21/03/2013;2013;3;3;4;
1959;12;R$ 1.673,00;1;11/03/2013;2013;3;6;7;
1960;12;R$ 280,00;1;27/03/2013;2013;3;6;7;
1961;12;R$ 4.560,03;19;15/03/2013;2013;3;6;7;
1962;12;R$ 2.355,72;9;15/03/2013;2013;3;6;7;
1963;12;R$ 1.334,55;5;15/03/2013;2013;3;6;7;
1964;12;R$ 540,20;1;01/03/2013;2013;3;6;7;
1965;12;R$ 138,00;2;14/03/2013;2013;3;6;7;
1966;12;R$ 1.820,15;12;01/03/2013;2013;3;6;7;
1967;12;R$ 689,40;2;08/03/2013;2013;3;6;7;
1968;12;R$ 137,00;7;27/03/2013;2013;3;6;7;
1969;12;R$ 1.559,94;19;06/03/2013;2013;3;6;7;
1970;12;R$ 157,00;4;25/03/2013;2013;3;6;7;
1971;12;R$ 102,00;6;25/03/2013;2013;3;6;7;
1972;12;R$ 4.606,28;13;09/03/2013;2013;3;6;7;
1973;12;R$ 203,28;4;03/04/2013;2013;4;6;7;
1974;1;R$ 611,20;3;04/04/2013;2013;4;1;1;
1975;1;R$ 182,69;12;03/04/2013;2013;4;1;1;
1976;13;R$ 336,00;4;10/04/2013;2013;4;3;9;
1977;13;R$ 124,14;7;03/04/2013;2013;4;3;4;
1978;13;R$ 901,47;19;19/04/2013;2013;4;3;9;
1979;17;R$ 78,00;1;02/04/2013;2013;4;4;5;
1980;1;R$ 177,18;17;03/04/2013;2013;4;1;1;
1981;13;R$ 515,88;8;02/04/2013;2013;4;3;9;
1982;1;R$ 540,00;2;16/05/2013;2013;5;1;1;
1983;1;R$ 303,00;2;17/05/2013;2013;5;1;1;
1984;1;R$ 378,30;5;29/05/2013;2013;5;1;1;
1985;17;R$ 75,00;2;16/05/2013;2013;5;4;5;
1986;17;R$ 240,00;2;16/05/2013;2013;5;4;5;
1987;17;R$ 477,00;3;21/05/2013;2013;5;4;5;
1988;13;R$ 2.820,35;14;13/05/2013;2013;5;3;4;
1989;13;R$ 1.263,00;5;03/05/2013;2013;5;3;4;
1990;13;R$ 280,00;1;31/05/2013;2013;5;3;4;
1991;13;R$ 15.904,80;18;16/05/2013;2013;5;3;4;
1992;13;R$ 10.796,30;16;16/05/2013;2013;5;3;4;
1993;13;R$ 197,00;1;16/05/2013;2013;5;3;4;
1994;13;R$ 117,00;2;16/05/2013;2013;5;3;4;
1995;13;R$ 4.380,00;5;07/05/2013;2013;5;3;4;
1996;13;R$ 798,00;1;23/05/2013;2013;5;3;4;
1997;13;R$ 900,00;1;21/05/2013;2013;5;3;4;
1998;13;R$ 130,00;1;28/05/2013;2013;5;3;4;
1999;13;R$ 290,00;2;28/05/2013;2013;5;3;4;
2000;13;R$ 447,80;5;03/05/2013;2013;5;3;4;
2001;13;R$ 393,26;4;29/05/2013;2013;5;3;9;
2002;13;R$ 300,00;2;14/06/2013;2013;6;3;4;
2003;13;R$ 2.000,00;2;13/06/2013;2013;6;3;4;
2004;13;R$ 2.300,00;2;13/06/2013;2013;6;3;4;
2005;13;R$ 1.260,00;4;13/06/2013;2013;6;3;4;
2006;13;R$ 3.967,00;10;11/06/2013;2013;6;3;4;
2007;13;R$ 475,00;1;13/06/2013;2013;6;3;4;
2008;12;R$ 2.260,00;2;03/06/2013;2013;6;6;7;
2009;12;R$ 509,55;3;10/06/2013;2013;6;6;7;
2010;12;R$ 244,92;3;14/06/2013;2013;6;6;7;
2011;12;R$ 2.332,00;4;21/06/2013;2013;6;6;7;
2012;12;R$ 590,00;1;14/06/2013;2013;6;6;7;
2013;12;R$ 137,00;7;21/06/2013;2013;6;6;7;
2014;12;R$ 167,00;7;21/06/2013;2013;6;6;7;
2015;12;R$ 181,00;2;21/06/2013;2013;6;6;7;
2016;12;R$ 240,00;1;21/06/2013;2013;6;6;7;
2017;12;R$ 140,00;1;21/06/2013;2013;6;6;7;
2018;13;R$ 2.237,80;14;03/06/2013;2013;6;3;9;
2019;13;R$ 3.927,70;10;10/06/2013;2013;6;3;9;
2020;13;R$ 2.420,21;10;17/06/2013;2013;6;3;9;
2021;13;R$ 2.459,85;13;25/06/2013;2013;6;3;9;
2022;13;R$ 5.000,64;10;09/07/2013;2013;7;3;9;
2023;13;R$ 1.575,00;2;23/07/2013;2013;7;3;4;
2024;13;R$ 900,00;3;23/07/2013;2013;7;3;4;
2025;13;R$ 1.103,00;6;23/07/2013;2013;7;3;4;
2026;13;R$ 720,00;2;11/07/2013;2013;7;3;4;
2027;13;R$ 130,00;3;09/07/2013;2013;7;3;4;
2028;13;R$ 1.125,00;1;30/07/2013;2013;7;3;4;
2029;13;R$ 3.311,00;5;24/07/2013;2013;7;3;4;
2030;13;R$ 3.180,00;1;25/07/2013;2013;7;3;4;
2031;13;R$ 3.938,95;15;31/07/2013;2013;7;3;4;
2032;12;R$ 1.308,00;5;04/07/2013;2013;7;6;7;
2033;12;R$ 385,80;12;02/07/2013;2013;7;6;7;
2034;12;R$ 160,00;2;04/07/2013;2013;7;6;7;
2035;12;R$ 596,00;5;04/07/2013;2013;7;6;7;
2036;12;R$ 261,00;4;04/07/2013;2013;7;6;7;
2037;12;R$ 250,00;1;04/07/2013;2013;7;6;7;
2038;12;R$ 2.895,90;12;09/07/2013;2013;7;6;7;
2039;12;R$ 534,00;13;23/07/2013;2013;7;6;7;
2040;12;R$ 162,00;1;10/07/2013;2013;7;6;7;
2041;12;R$ 1.315,00;3;17/07/2013;2013;7;6;7;
2042;12;R$ 4.520,00;1;16/07/2013;2013;7;6;7;
2043;12;R$ 305,50;2;29/07/2013;2013;7;6;7;
2044;12;R$ 990,00;2;31/07/2013;2013;7;6;7;
2045;13;R$ 1.733,20;5;08/08/2013;2013;8;3;9;
2046;13;R$ 3.145,10;14;12/08/2013;2013;8;3;9;
2047;13;R$ 2.087,60;10;19/08/2013;2013;8;3;9;
2048;13;R$ 105,00;2;16/08/2013;2013;8;3;4;
2049;13;R$ 1.725,00;2;19/08/2013;2013;8;3;4;
2050;13;R$ 747,38;5;22/08/2013;2013;8;3;4;
2051;13;R$ 3.300,00;1;05/08/2013;2013;8;3;4;
2052;13;R$ 2.100,00;1;06/08/2013;2013;8;3;4;
2053;1;R$ 849,95;4;15/08/2013;2013;8;1;1;
2054;1;R$ 309,00;5;15/08/2013;2013;8;1;1;
2055;1;R$ 315,00;2;16/08/2013;2013;8;1;1;
2056;12;R$ 1.234,56;9;13/08/2013;2013;8;6;7;
2057;12;R$ 1.700,00;1;13/08/2013;2013;8;6;7;
2058;12;R$ 1.860,00;2;19/08/2013;2013;8;6;7;
2059;17;R$ 75,00;2;16/08/2013;2013;8;4;5;
2060;17;R$ 180,00;2;16/08/2013;2013;8;4;5;
2061;13;R$ 16,50;1;22/08/2013;2013;8;3;9;
2062;12;R$ 867,10;12;04/09/2013;2013;9;6;7;
2063;12;R$ 1.450,00;6;04/09/2013;2013;9;6;7;
2064;12;R$ 677,60;1;18/09/2013;2013;9;6;7;
2065;13;R$ 896,00;1;10/09/2013;2013;9;3;4;
2066;13;R$ 732,00;1;20/09/2013;2013;9;3;4;
2067;13;R$ 2.415,50;15;03/09/2013;2013;9;3;4;
2068;13;R$ 816,00;1;20/09/2013;2013;9;3;4;
2069;13;R$ 1.500,00;1;19/09/2013;2013;9;3;4;
2070;13;R$ 2.725,34;13;01/10/2013;2013;10;3;9;
2071;13;R$ 3.627,95;12;07/10/2013;2013;10;3;9;
2072;13;R$ 3.563,31;13;14/10/2013;2013;10;3;9;
2073;13;R$ 2.138,80;8;21/10/2013;2013;10;3;9;
2074;13;R$ 2.751,15;9;29/10/2013;2013;10;3;9;
2075;12;R$ 7.831,50;18;01/10/2013;2013;10;6;7;
2076;12;R$ 1.940,00;2;01/10/2013;2013;10;6;7;
2077;12;R$ 900,00;1;08/10/2013;2013;10;6;7;
2078;12;R$ 225,00;1;14/10/2013;2013;10;6;7;
2079;12;R$ 50,00;2;03/10/2013;2013;10;6;7;
2080;12;R$ 35,00;1;03/10/2013;2013;10;6;7;
2081;12;R$ 294,00;1;16/10/2013;2013;10;6;7;
2082;12;R$ 938,65;10;16/10/2013;2013;10;6;7;
2083;17;R$ 280,00;2;03/10/2013;2013;10;4;5;
2084;13;R$ 140,00;2;31/10/2013;2013;10;3;4;
2085;13;R$ 134,50;3;03/10/2013;2013;10;3;4;
2086;13;R$ 1.125,00;1;04/10/2013;2013;10;3;4;
2087;13;R$ 10.135,00;6;03/10/2013;2013;10;3;4;
2088;13;R$ 887,00;2;01/10/2013;2013;10;3;4;
2089;13;R$ 7.924,00;5;28/10/2013;2013;10;3;4;
2090;12;R$ 225,00;1;05/11/2013;2013;11;6;7;
2091;12;R$ 1.332,79;1;04/11/2013;2013;11;6;7;
2092;12;R$ 1.345,00;4;13/11/2013;2013;11;6;7;
2093;12;R$ 372,00;11;14/11/2013;2013;11;6;7;
2094;12;R$ 310,00;18;14/11/2013;2013;11;6;7;
2095;12;R$ 152,00;5;14/11/2013;2013;11;6;7;
2096;12;R$ 2.187,60;11;28/11/2013;2013;11;6;7;
2097;12;R$ 920,00;2;13/11/2013;2013;11;6;7;
2098;12;R$ 1.456,80;9;28/11/2013;2013;11;6;7;
2099;12;R$ 9.411,00;16;27/11/2013;2013;11;6;7;
2100;12;R$ 38,00;3;28/11/2013;2013;11;6;7;
2101;17;R$ 30,00;1;28/11/2013;2013;11;4;5;
2102;1;R$ 1.540,00;4;04/11/2013;2013;11;1;1;
2103;13;R$ 1.140,00;1;05/11/2013;2013;11;3;4;
2104;13;R$ 570,00;1;19/11/2013;2013;11;3;4;
2105;13;R$ 3.521,00;5;19/11/2013;2013;11;3;4;
2106;13;R$ 5.019,00;6;19/11/2013;2013;11;3;4;
2107;13;R$ 41,00;3;28/11/2013;2013;11;3;4;
2108;13;R$ 73,00;2;28/11/2013;2013;11;3;4;
2109;13;R$ 58,00;3;28/11/2013;2013;11;3;4;
2110;13;R$ 20,00;2;28/11/2013;2013;11;3;4;
2111;13;R$ 10.537,00;5;19/11/2013;2013;11;3;4;
2112;13;R$ 2.025,86;17;28/11/2013;2013;11;3;4;
2113;13;R$ 3.795,55;13;04/11/2013;2013;11;3;9;
2114;13;R$ 5.138,80;15;11/11/2013;2013;11;3;9;
2115;13;R$ 2.513,45;7;18/11/2013;2013;11;3;9;
2116;13;R$ 3.232,25;9;28/11/2013;2013;11;3;9;
2117;13;R$ 174,80;1;28/11/2013;2013;11;3;9;
2118;13;R$ 1.079,70;1;22/11/2013;2013;11;3;9;
2119;1;R$ 315,00;2;11/12/2013;2013;12;1;1;
2120;1;R$ 1.231,10;4;02/12/2013;2013;12;1;1;
2121;17;R$ 138,00;2;11/12/2013;2013;12;4;5;
2122;17;R$ 180,00;2;11/12/2013;2013;12;4;5;
2123;13;R$ 4.280,00;4;19/12/2013;2013;12;3;4;
2124;13;R$ 8.896,00;8;19/12/2013;2013;12;3;9;
2125;13;R$ 2.869,00;11;19/12/2013;2013;12;3;4;
2126;13;R$ 135,00;2;11/12/2013;2013;12;3;4;
2127;13;R$ 1.725,00;2;05/12/2013;2013;12;3;4;
2128;13;R$ 662,75;15;20/12/2013;2013;12;3;4;
2129;13;R$ 961,00;4;24/12/2013;2013;12;3;4;
2130;13;R$ 1.140,00;4;24/12/2013;2013;12;3;4;
2131;13;R$ 5.265,60;12;04/12/2013;2013;12;3;9;
2132;13;R$ 3.690,15;9;09/12/2013;2013;12;3;9;
2133;13;R$ 1.772,60;4;12/12/2013;2013;12;3;9;
2134;12;R$ 550,50;17;30/01/2014;2014;1;6;7;
2135;12;R$ 1.090,00;3;10/01/2014;2014;1;6;7;
2136;12;R$ 1.610,00;2;14/01/2014;2014;1;6;7;
2137;12;R$ 375,52;4;22/01/2014;2014;1;6;7;
2138;12;R$ 885,00;1;29/01/2014;2014;1;6;7;
2139;12;R$ 1.190,75;12;30/01/2014;2014;1;6;7;
2140;13;R$ 889,93;8;16/01/2014;2014;1;3;4;
2141;13;R$ 770,00;2;16/01/2014;2014;1;3;4;
2142;1;R$ 322,12;9;22/01/2014;2014;1;1;1;
2143;1;R$ 496,82;20;22/01/2014;2014;1;1;1;
2144;13;R$ 5.073,98;24;11/02/2014;2014;2;3;9;
2146;13;R$ 3.526,42;10;20/02/2014;2014;2;3;9;
2147;13;R$ 1.292,68;6;24/02/2014;2014;2;3;9;
2148;13;R$ 795,50;7;24/02/2014;2014;2;3;9;
2149;12;R$ 199,00;2;18/02/2014;2014;2;6;7;
2150;12;R$ 342,00;1;21/02/2014;2014;2;6;7;
2151;12;R$ 520,00;1;19/02/2014;2014;2;6;7;
2152;12;R$ 678,00;1;17/02/2014;2014;2;6;7;
2153;12;R$ 1.700,00;1;05/02/2014;2014;2;6;7;
2154;12;R$ 4.582,00;10;13/02/2014;2014;2;6;7;
2155;13;R$ 2.580,00;3;05/02/2014;2014;2;3;4;
2156;13;R$ 1.226,00;2;17/02/2014;2014;2;3;9;
2157;13;R$ 103,00;2;18/02/2014;2014;2;3;4;
2158;13;R$ 712,50;5;10/02/2014;2014;2;3;9;
2159;17;R$ 1.231,00;4;05/02/2014;2014;2;4;5;
2160;17;R$ 94,00;1;18/02/2014;2014;2;4;5;
2161;17;R$ 245,00;1;18/02/2014;2014;2;4;5;
2162;1;R$ 608,00;2;18/02/2014;2014;2;1;1;
2163;1;R$ 2.066,40;6;07/02/2014;2014;2;1;1;
2164;1;R$ 839,36;10;25/03/2014;2014;3;1;1;
2165;12;R$ 623,50;11;07/03/2014;2014;3;6;7;
2166;13;R$ 3.250,62;15;10/03/2014;2014;3;3;4;
2167;13;R$ 493,50;1;17/03/2014;2014;3;3;9;
2168;17;R$ 507,00;10;11/03/2014;2014;3;4;5;
2169;1;R$ 421,00;2;26/04/2014;2014;4;1;1;
2170;17;R$ 440,00;2;26/04/2014;2014;4;4;5;
2171;13;R$ 220,00;2;26/04/2014;2014;4;3;4;
2172;13;R$ 5.107,50;7;29/04/2014;2014;4;3;4;
2173;13;R$ 940,00;1;15/04/2014;2014;4;3;4;
2174;13;R$ 326,74;4;25/04/2014;2014;4;3;4;
2175;13;R$ 1.844,00;7;04/04/2014;2014;4;3;4;
2176;12;R$ 992,46;5;02/04/2014;2014;4;6;7;
2177;12;R$ 726,00;1;22/04/2014;2014;4;6;7;
2178;12;R$ 712,60;20;29/04/2014;2014;4;6;7;
2179;12;R$ 912,00;1;22/04/2014;2014;4;6;7;
2180;12;R$ 234,00;2;26/04/2014;2014;4;6;7;
2181;12;R$ 836,28;4;30/04/2014;2014;4;6;7;
2182;13;R$ 4.776,57;8;07/04/2014;2014;4;3;9;
2183;13;R$ 380,90;4;14/04/2014;2014;4;3;9;
2184;13;R$ 2.637,95;11;23/04/2014;2014;4;3;9;
2185;13;R$ 937,26;8;29/04/2014;2014;4;3;9;
2186;13;R$ 1.110,56;7;30/04/2014;2014;4;3;9;
2187;13;R$ 6.864,98;11;01/04/2014;2014;4;3;9;
2188;13;R$ 4.477,44;8;17/04/2014;2014;4;3;9;
2189;13;R$ 3.168,00;1;30/04/2014;2014;4;3;9;
2190;13;R$ 321,60;8;30/05/2014;2014;5;3;9;
2191;13;R$ 795,00;1;06/05/2014;2014;5;3;4;
2192;13;R$ 590,00;1;29/05/2014;2014;5;3;4;
2193;13;R$ 1.794,00;3;15/05/2014;2014;5;3;4;
2194;13;R$ 350,00;1;29/05/2014;2014;5;3;4;
2195;13;R$ 300,00;1;16/05/2014;2014;5;3;9;
2196;13;R$ 2.280,00;2;24/05/2014;2014;5;3;9;
2197;1;R$ 237,00;1;07/05/2014;2014;5;1;1;
2198;1;R$ 393,00;3;30/05/2014;2014;5;1;1;
2199;1;R$ 596,00;1;30/05/2014;2014;5;1;1;
2200;12;R$ 700,00;2;21/05/2014;2014;5;6;7;
2201;12;R$ 149,90;1;16/05/2014;2014;5;6;7;
2202;12;R$ 466,40;15;16/05/2014;2014;5;6;7;
2203;12;R$ 1.660,00;3;29/05/2014;2014;5;6;7;
2204;12;R$ 1.140,00;2;29/05/2014;2014;5;6;7;
2205;12;R$ 226,60;11;14/05/2014;2014;5;6;7;
2206;13;R$ 1.060,60;5;05/05/2014;2014;5;3;9;
2207;13;R$ 2.872,60;8;12/05/2014;2014;5;3;9;
2208;13;R$ 5.549,77;14;19/05/2014;2014;5;3;9;
2209;13;R$ 2.538,10;8;26/05/2014;2014;5;3;9;
2210;13;R$ 732,25;3;13/05/2014;2014;5;3;9;
2211;13;R$ 610,50;3;07/05/2014;2014;5;3;9;
2212;17;R$ 440,00;11;18/06/2014;2014;6;4;5;
2213;12;R$ 290,00;1;30/06/2014;2014;6;6;7;
2214;12;R$ 987,80;6;30/06/2014;2014;6;6;7;
2215;12;R$ 946,60;2;10/06/2014;2014;6;6;7;
2216;12;R$ 2.980,15;11;22/06/2014;2014;6;6;7;
2217;1;R$ 256,00;3;06/06/2014;2014;6;1;1;
2218;1;R$ 684,90;10;10/06/2014;2014;6;1;1;
2219;1;R$ 655,43;11;30/06/2014;2014;6;1;1;
2220;13;R$ 529,00;5;05/06/2014;2014;6;3;9;
2221;13;R$ 100,00;1;10/06/2014;2014;6;3;10;
2222;13;R$ 3.786,00;2;10/06/2014;2014;6;3;10;
2223;13;R$ 2.738,00;2;16/06/2014;2014;6;3;9;
2224;13;R$ 18.000,00;1;26/06/2014;2014;6;3;4;
2225;13;R$ 21.048,00;2;26/06/2014;2014;6;3;4;
2226;13;R$ 952,00;1;30/06/2014;2014;6;3;4;
2227;13;R$ 2.480,00;3;10/06/2014;2014;6;3;10;
2228;13;R$ 3.380,20;10;02/06/2014;2014;6;3;9;
2229;13;R$ 4.931,60;10;09/06/2014;2014;6;3;9;
2230;13;R$ 2.434,40;9;16/06/2014;2014;6;3;9;
2231;13;R$ 2.004,45;7;25/06/2014;2014;6;3;9;
2232;13;R$ 1.002,18;7;30/06/2014;2014;6;3;9;
2233;13;R$ 506,00;1;30/06/2014;2014;6;3;9;
2234;13;R$ 2.765,00;7;02/07/2014;2014;7;3;9;
2235;13;R$ 5.452,70;13;25/07/2014;2014;7;3;9;
2236;13;R$ 2.766,10;7;28/07/2014;2014;7;3;9;
2237;1;R$ 250,00;1;02/07/2014;2014;7;1;1;
2238;1;R$ 1.108,80;2;01/07/2014;2014;7;1;1;
2239;1;R$ 1.560,00;2;01/07/2014;2014;7;1;1;
2240;19;R$ 82,00;2;14/07/2014;2014;7;4;5;
2241;13;R$ 164,00;2;14/07/2014;2014;7;3;4;
2242;13;R$ 262,90;5;09/07/2014;2014;7;3;4;
2243;13;R$ 1.410,00;1;02/07/2014;2014;7;3;4;
2244;12;R$ 199,00;2;14/07/2014;2014;7;6;7;
2245;12;R$ 1.300,00;2;10/07/2014;2014;7;6;7;
2246;12;R$ 1.709,85;7;02/07/2014;2014;7;6;7;
2247;19;R$ 248,00;2;14/07/2014;2014;7;4;5;
2248;1;R$ 339,00;2;14/07/2014;2014;7;1;1;
2249;13;R$ 600,00;1;26/08/2014;2014;8;3;4;
2250;13;R$ 335,00;1;27/08/2014;2014;8;3;4;
2251;13;R$ 2.750,00;1;19/08/2014;2014;8;3;4;
2252;13;R$ 270,00;1;19/08/2014;2014;8;3;4;
2253;13;R$ 937,00;9;12/08/2014;2014;8;3;4;
2254;13;R$ 2.738,00;2;11/08/2014;2014;8;3;4;
2255;1;R$ 304,00;3;27/08/2014;2014;8;1;1;
2256;13;R$ 2.858,60;11;04/08/2014;2014;8;3;9;
2257;13;R$ 4.066,10;9;11/08/2014;2014;8;3;9;
2258;13;R$ 4.242,10;9;11/08/2014;2014;8;3;9;
2259;13;R$ 3.427,50;13;18/08/2014;2014;8;3;9;
2260;13;R$ 2.218,90;7;28/08/2014;2014;8;3;9;
2261;13;R$ 400,80;3;25/08/2014;2014;8;3;9;
2262;1;R$ 9.290,00;1;29/08/2014;2014;8;1;1;
2264;13;R$ 720,00;3;25/09/2014;2014;9;3;10;
2265;13;R$ 2.420,00;6;09/09/2014;2014;9;3;4;
2266;13;R$ 480,00;16;21/09/2014;2014;9;3;9;
2267;13;R$ 3.500,00;1;01/09/2014;2014;9;3;10;
2268;13;R$ 345,00;2;10/09/2014;2014;9;3;10;
2269;13;R$ 1.400,00;1;13/09/2014;2014;9;3;9;
2270;13;R$ 1.623,05;2;13/09/2014;2014;9;3;9;
2271;13;R$ 1.200,00;1;08/09/2014;2014;9;3;9;
2272;12;R$ 542,00;6;11/09/2014;2014;9;6;7;
2273;12;R$ 420,00;1;09/09/2014;2014;9;6;7;
2274;12;R$ 5.100,20;13;10/09/2014;2014;9;6;7;
2275;12;R$ 499,50;10;03/09/2014;2014;9;6;7;
2276;12;R$ 912,00;1;26/09/2014;2014;9;6;7;
2277;12;R$ 386,00;1;26/09/2014;2014;9;6;7;
2278;12;R$ 1.041,00;3;26/09/2014;2014;9;6;7;
2279;1;R$ 745,00;1;01/09/2014;2014;9;1;1;
2280;12;R$ 4.600,00;1;11/09/2014;2014;9;6;7;
2282;13;R$ 3.920,68;12;02/09/2014;2014;9;3;9;
2283;13;R$ 2.573,30;10;09/09/2014;2014;9;3;9;
2284;13;R$ 4.013,70;11;16/09/2014;2014;9;3;9;
2285;13;R$ 1.376,20;5;22/09/2014;2014;9;3;9;
2286;13;R$ 2.365,90;8;29/09/2014;2014;9;3;9;
2287;1;R$ 446.922,23;1;23/08/2014;2014;8;1;1;
2288;1;R$ 50.944,24;1;23/09/2014;2014;9;1;1;
2289;12;R$ 860,34;6;24/10/2014;2014;10;6;7;
2290;12;R$ 142,00;4;22/10/2014;2014;10;6;7;
2291;1;R$ 516,00;5;14/10/2014;2014;10;1;1;
2292;13;R$ 1.448,00;4;24/10/2014;2014;10;3;10;
2293;13;R$ 529,00;4;14/10/2014;2014;10;3;4;
2294;13;R$ 486,00;8;01/10/2014;2014;10;3;9;
2295;13;R$ 1.175,00;1;03/10/2014;2014;10;3;9;
2296;13;R$ 350,00;1;16/10/2014;2014;10;3;9;
2297;13;R$ 1,70;1;06/10/2014;2014;10;3;10;
2298;13;R$ 2.160,00;3;06/10/2014;2014;10;3;10;
2299;13;R$ 260,00;2;02/10/2014;2014;10;3;10;
2300;1;R$ 36.775,87;1;31/10/2014;2014;10;1;1;
2301;13;R$ 2.860,15;8;07/10/2014;2014;10;3;9;
2302;13;R$ 3.124,90;9;14/10/2014;2014;10;3;9;
2303;13;R$ 5.579,90;14;20/10/2014;2014;10;3;9;
2304;13;R$ 2.335,95;6;29/10/2014;2014;10;3;9;
2305;1;R$ 459,00;1;31/10/2014;2014;10;1;1;
2306;13;R$ 1.400,00;1;10/11/2014;2014;11;3;9;
2307;13;R$ 3.485,00;3;18/11/2014;2014;11;3;9;
2308;13;R$ 2.740,55;9;03/11/2014;2014;11;3;9;
2309;13;R$ 3.626,20;13;10/11/2014;2014;11;3;9;
2310;13;R$ 3.854,60;9;18/11/2014;2014;11;3;9;
2311;13;R$ 2.114,20;5;26/11/2014;2014;11;3;9;
2312;12;R$ 599,05;11;18/11/2014;2014;11;6;7;
2313;1;R$ 499,90;11;17/11/2014;2014;11;1;1;
2314;1;R$ 1.790,00;1;05/11/2014;2014;11;1;1;
2315;1;R$ 1.425,00;1;27/11/2014;2014;11;1;1;
2316;1;R$ 2.500,00;4;26/11/2014;2014;11;1;1;
2317;13;R$ 198,00;1;14/11/2014;2014;11;3;10;
2318;13;R$ 720,00;1;24/11/2014;2014;11;3;4;
2319;13;R$ 1.006,00;4;10/11/2014;2014;11;3;10;
2320;13;R$ 425,00;1;24/11/2014;2014;11;3;10;
2321;13;R$ 255,64;3;25/11/2014;2014;11;3;10;
2322;13;R$ 1.175,00;1;03/11/2014;2014;11;3;9;
2323;1;R$ 53.620,89;1;29/11/2014;2014;11;1;1;
2324;13;R$ 9.070,00;18;17/12/2014;2014;12;3;4;
2325;13;R$ 5.983,00;34;10/12/2014;2014;12;3;4;
2326;13;R$ 1.917,00;15;10/12/2014;2014;12;3;4;
2327;13;R$ 3.896,00;3;15/12/2014;2014;12;3;9;
2328;13;R$ 6.328,00;1;02/12/2014;2014;12;3;9;
2329;13;R$ 2.464,00;1;02/12/2014;2014;12;3;9;
2330;13;R$ 1.896,00;3;02/12/2014;2014;12;3;9;
2331;13;R$ 2.324,00;2;02/12/2014;2014;12;3;9;
2332;13;R$ 6.348,00;6;29/12/2014;2014;12;3;9;
2333;13;R$ 1.312,00;4;29/12/2014;2014;12;3;9;
2334;13;R$ 5.051,00;6;29/12/2014;2014;12;3;9;
2335;13;R$ 9.507,60;17;29/12/2014;2014;12;3;9;
2336;13;R$ 4.058,00;3;10/12/2014;2014;12;3;9;
2337;1;R$ 1.193,10;7;05/12/2014;2014;12;1;1;
2338;1;R$ 450,00;1;22/12/2014;2014;12;4;1;
2339;12;R$ 152,00;6;16/12/2014;2014;12;6;7;
2340;12;R$ 197,00;8;16/12/2014;2014;12;6;7;
2341;12;R$ 918,00;5;03/12/2014;2014;12;6;7;
2342;12;R$ 1.100,00;1;02/12/2014;2014;12;6;7;
2343;13;R$ 3.890,40;12;08/12/2014;2014;12;3;9;
2344;13;R$ 4.148,59;9;15/12/2014;2014;12;3;9;
2345;13;R$ 1.456,00;3;03/12/2014;2014;12;3;9;
2346;1;R$ 68.427,19;1;31/12/2014;2014;12;1;1;
2347;12;R$ 696,00;2;27/01/2015;2015;1;6;7;
2348;12;R$ 3.867,00;10;16/01/2015;2015;1;6;7;
2349;13;R$ 3.980,00;1;29/01/2015;2015;1;3;10;
2350;13;R$ 4.680,00;3;29/01/2015;2015;1;3;10;
2351;1;R$ 15.080,55;1;30/01/2015;2015;1;1;1;
2352;13;R$ 2.683,15;11;23/02/2015;2015;2;3;9;
2353;1;R$ 1.087,90;9;26/02/2015;2015;2;1;1;
2354;13;R$ 3.780,00;1;26/02/2015;2015;2;3;10;
2355;13;R$ 2.350,00;3;26/02/2015;2015;2;3;10;
2356;13;R$ 2.760,00;6;11/02/2015;2015;2;3;10;
2357;12;R$ 3.362,00;13;23/02/2015;2015;2;6;7;
2358;12;R$ 2.932,50;15;25/02/2015;2015;2;6;7;
2359;12;R$ 920,71;5;12/02/2015;2015;2;6;7;
2360;1;R$ 563,87;8;12/02/2015;2015;2;1;1;
2361;13;R$ 1.812,00;5;03/02/2015;2015;2;3;9;
2362;1;R$ 3.168,00;3;09/02/2015;2015;2;1;1;
2363;1;R$ 40.629,57;1;27/02/2015;2015;2;1;1;
2364;12;R$ 455,00;1;19/03/2015;2015;3;6;7;
2365;12;R$ 720,00;2;03/03/2015;2015;3;6;7;
2366;12;R$ 1.085,00;3;16/03/2015;2015;3;6;7;
2367;13;R$ 165,32;1;23/03/2015;2015;3;3;10;
2368;13;R$ 7.410,92;18;10/03/2015;2015;3;3;9;
2369;19;R$ 546,00;1;30/03/2015;2015;3;4;5;
2370;1;R$ 745,00;1;30/03/2015;2015;3;1;1;
2371;12;R$ 135,00;3;03/03/2015;2015;3;6;7;
2372;12;R$ 470,00;11;03/03/2015;2015;3;6;7;
2373;1;R$ 45.054,76;1;30/03/2015;2015;3;1;1;
2374;13;R$ 10.737,00;8;14/04/2015;2015;4;3;9;
2375;13;R$ 1.040,00;1;16/04/2015;2015;4;3;4;
2376;13;R$ 1.509,30;1;22/04/2015;2015;4;3;9;
2377;13;R$ 2.420,00;3;13/04/2015;2015;4;3;9;
2378;12;R$ 345,00;1;01/04/2015;2015;4;6;7;
2379;12;R$ 1.454,00;6;06/04/2015;2015;4;6;7;
2380;12;R$ 120,00;3;15/04/2015;2015;4;6;7;
2381;12;R$ 89,00;4;15/04/2015;2015;4;6;7;
2382;12;R$ 881,00;2;27/04/2015;2015;4;6;7;
2383;19;R$ 820,00;4;01/04/2015;2015;4;4;5;
2384;1;R$ 672,00;1;01/04/2015;2015;4;1;1;
2385;13;R$ 1.615,10;7;06/04/2015;2015;4;3;9;
2386;13;R$ 5.028,51;10;13/04/2015;2015;4;3;9;
2387;13;R$ 12.516,02;15;08/04/2015;2015;4;3;9;
2388;13;R$ 3.385,79;13;22/04/2015;2015;4;3;9;
2389;13;R$ 4.287,69;14;27/04/2015;2015;4;3;9;
2390;13;R$ 49.579,25;1;30/04/2015;2015;4;3;10;
2391;13;R$ 260,00;1;13/04/2015;2015;4;3;10;
2392;13;R$ 2.160,00;2;13/04/2015;2015;4;3;10;
2393;13;R$ 450,00;1;30/04/2015;2015;4;3;10;
2394;13;R$ 727,75;1;08/05/2015;2015;5;3;9;
2395;19;R$ 80,00;1;25/05/2015;2015;5;4;5;
2396;19;R$ 94,00;4;25/05/2015;2015;5;4;5;
2397;13;R$ 12.876,00;16;05/05/2015;2015;5;3;4;
2398;13;R$ 8.761,53;35;05/05/2015;2015;5;3;4;
2399;13;R$ 490,00;12;25/05/2015;2015;5;3;4;
2400;13;R$ 4.764,20;4;04/05/2015;2015;5;3;4;
2401;13;R$ 3.500,00;1;11/05/2015;2015;5;3;4;
2402;13;R$ 555,00;1;15/05/2015;2015;5;3;4;
2403;13;R$ 1.875,00;1;06/05/2015;2015;5;3;4;
2404;13;R$ 3.216,60;2;21/05/2015;2015;5;3;4;
2405;13;R$ 60,00;1;25/05/2015;2015;5;3;4;
2406;13;R$ 1.397,50;1;26/05/2015;2015;5;3;4;
2407;12;R$ 5.756,50;12;13/05/2015;2015;5;6;7;
2408;12;R$ 977,00;10;06/05/2015;2015;5;6;7;
2409;12;R$ 72,00;3;14/05/2015;2015;5;6;7;
2410;12;R$ 1.560,00;3;04/05/2015;2015;5;6;7;
2411;12;R$ 47,00;2;25/05/2015;2015;5;6;7;
2412;12;R$ 345,00;1;06/05/2015;2015;5;6;7;
2413;12;R$ 576,00;1;07/05/2015;2015;5;6;7;
2414;12;R$ 772,00;1;13/05/2015;2015;5;6;7;
2415;12;R$ 2.756,00;1;22/05/2015;2015;5;6;7;
2416;12;R$ 1.276,00;1;20/05/2015;2015;5;6;7;
2417;13;R$ 3.767,63;16;04/05/2015;2015;5;3;9;
2418;13;R$ 3.698,81;16;12/05/2015;2015;5;3;9;
2419;13;R$ 3.303,95;18;25/05/2015;2015;5;3;9;
2420;13;R$ 5.834,39;12;18/05/2015;2015;5;3;9;
2421;13;R$ 230,00;3;27/05/2015;2015;5;3;10;
2422;13;R$ 2.690,40;1;29/05/2015;2015;5;3;9;
2423;13;R$ 613,35;1;29/05/2015;2015;5;3;9;
2424;13;R$ 682,50;1;29/05/2015;2015;5;3;9;
2425;13;R$ 950,00;3;29/05/2015;2015;5;3;9;
2426;13;R$ 43.802,43;1;29/05/2015;2015;5;3;10;
2427;13;R$ 1.768,78;10;02/06/2015;2015;6;3;9;
2428;13;R$ 2.781,38;11;08/06/2015;2015;6;3;9;
2429;13;R$ 2.901,29;16;15/06/2015;2015;6;3;9;
2430;13;R$ 2.864,16;8;22/06/2015;2015;6;3;9;
2431;13;R$ 3.086,23;12;30/06/2015;2015;6;3;9;
2432;13;R$ 100,00;2;16/06/2015;2015;6;3;10;
2433;13;R$ 2.657,95;1;11/06/2015;2015;6;3;9;
2434;13;R$ 1.140,00;3;11/06/2015;2015;6;3;9;
2435;13;R$ 672,75;1;11/06/2015;2015;6;3;9;
2436;13;R$ 916,50;1;11/06/2015;2015;6;3;9;
2437;13;R$ 1.560,00;1;11/06/2015;2015;6;3;4;
2438;13;R$ 259,00;10;17/06/2015;2015;6;3;4;
2439;13;R$ 340,00;2;18/06/2015;2015;6;3;4;
2440;13;R$ 940,00;4;18/06/2015;2015;6;3;4;
2441;13;R$ 160,00;1;16/06/2015;2015;6;3;4;
2442;13;R$ 448,00;2;22/06/2015;2015;6;3;4;
2443;13;R$ 3.660,70;4;29/06/2015;2015;6;3;9;
2444;13;R$ 559,00;1;30/06/2015;2015;6;3;9;
2445;1;R$ 1.080,00;1;02/06/2015;2015;6;1;1;
2446;1;R$ 826,46;6;03/06/2015;2015;6;1;1;
2447;12;R$ 3.870,00;2;25/06/2015;2015;6;6;7;
2448;12;R$ 768,00;1;19/06/2015;2015;6;6;7;
2449;12;R$ 316,00;2;22/06/2015;2015;6;6;7;
2450;12;R$ 6.061,72;28;19/06/2015;2015;6;6;7;
2451;19;R$ 318,00;2;17/06/2015;2015;6;4;5;
2452;19;R$ 168,00;2;22/06/2015;2015;6;4;5;
2453;19;R$ 168,00;2;22/06/2015;2015;6;4;5;
2454;13;R$ 4.451,50;6;30/06/2015;2015;6;3;9;
2455;13;R$ 19.650,93;1;30/06/2015;2015;6;3;10;
2456;12;R$ 12.788,39;1;30/06/2015;2015;6;6;7;
2457;19;R$ 2.488,20;1;30/06/2015;2015;6;4;5;
2458;1;R$ 5.390,56;1;30/06/2015;2015;6;1;1;
2459;13;R$ 4.924,16;14;07/07/2015;2015;7;3;9;
2460;13;R$ 220,00;4;14/07/2015;2015;7;3;4;
2461;13;R$ 6.375,45;7;20/07/2015;2015;7;3;9;
2462;13;R$ 515,00;2;10/07/2015;2015;7;3;10;
2463;13;R$ 6.125,00;4;23/07/2015;2015;7;3;10;
2464;13;R$ 790,00;4;10/07/2015;2015;7;3;10;
2465;13;R$ 670,00;1;29/07/2015;2015;7;3;10;
2466;12;R$ 35,00;1;20/07/2015;2015;7;6;7;
2467;12;R$ 198,00;1;13/07/2015;2015;7;6;7;
2468;12;R$ 2.044,00;1;24/07/2015;2015;7;6;7;
2469;12;R$ 350,00;1;23/07/2015;2015;7;6;7;
2470;12;R$ 103,00;6;09/07/2015;2015;7;6;7;
2471;12;R$ 80,00;2;18/07/2015;2015;7;6;7;
2472;19;R$ 109,00;4;30/07/2015;2015;7;4;5;
2473;1;R$ 745,00;1;17/07/2015;2015;7;1;1;
2474;1;R$ 1.371,30;4;18/07/2015;2015;7;1;1;
2475;1;R$ 1.020,00;1;07/07/2015;2015;7;1;1;
2476;12;R$ 760,00;1;07/07/2015;2015;7;6;7;
2477;12;R$ 15.985,50;1;30/07/2015;2015;7;6;7;
2478;1;R$ 7.364,89;1;30/07/2015;2015;7;1;1;
2479;13;R$ 25.509,16;1;30/07/2015;2015;7;3;10;
2480;13;R$ 264,00;2;04/08/2015;2015;8;3;9;
2481;13;R$ 1.300,00;1;20/08/2015;2015;8;3;9;
2482;13;R$ 206,62;4;20/08/2015;2015;8;3;4;
2483;13;R$ 750,00;1;26/08/2015;2015;8;3;9;
2484;13;R$ 1.365,00;1;26/08/2015;2015;8;3;9;
2485;13;R$ 646,25;1;26/08/2015;2015;8;3;9;
2486;13;R$ 2.657,95;1;26/08/2015;2015;8;3;9;
2487;13;R$ 850,00;3;26/08/2015;2015;8;3;9;
2488;13;R$ 727,75;1;26/08/2015;2015;8;3;9;
2489;13;R$ 3.757,00;4;27/08/2015;2015;8;3;9;
2490;13;R$ 559,00;1;11/08/2015;2015;8;3;9;
2491;13;R$ 1.625,00;1;19/08/2015;2015;8;3;9;
2492;13;R$ 670,80;1;26/08/2015;2015;8;3;9;
2493;12;R$ 116,00;2;04/08/2015;2015;8;6;7;
2494;12;R$ 1.569,00;11;28/08/2015;2015;8;6;7;
2495;12;R$ 6.923,00;11;28/08/2015;2015;8;6;7;
2496;1;R$ 264,00;2;04/08/2015;2015;8;1;1;
2497;1;R$ 1.284,00;1;14/08/2015;2015;8;1;1;
2498;19;R$ 92,00;2;04/08/2015;2015;8;4;5;
2499;19;R$ 100,00;2;04/08/2015;2015;8;4;5;
2500;13;R$ 4.246,54;17;03/08/2015;2015;8;3;9;
2501;13;R$ 6.157,68;17;10/08/2015;2015;8;3;9;
2502;13;R$ 4.842,62;15;17/08/2015;2015;8;3;9;
2503;13;R$ 3.950,35;14;24/08/2015;2015;8;3;9;
2504;13;R$ 4.015,06;10;31/08/2015;2015;8;3;9;
2505;13;R$ 1.118,00;3;20/08/2015;2015;8;3;9;
2506;13;R$ 1.616,00;3;30/08/2015;2015;8;3;9;
2507;13;R$ 25.620,93;1;31/08/2015;2015;8;3;10;
2508;1;R$ 3.942,03;1;31/08/2015;2015;8;1;1;
2509;12;R$ 15.984,17;1;31/08/2015;2015;8;6;7;
2510;19;R$ 734,70;3;22/09/2015;2015;9;4;5;
2511;13;R$ 670,80;1;01/09/2015;2015;9;3;9;
2512;13;R$ 838,50;1;30/09/2015;2015;9;3;9;
2513;13;R$ 540,00;1;08/09/2015;2015;9;3;9;
2514;13;R$ 670,80;1;23/09/2015;2015;9;3;9;
2515;13;R$ 2.795,80;2;16/09/2015;2015;9;3;9;
2516;13;R$ 6.353,90;11;01/09/2015;2015;9;3;4;
2517;13;R$ 682,50;1;28/09/2015;2015;9;3;9;
2518;13;R$ 717,50;1;28/09/2015;2015;9;3;9;
2519;13;R$ 740,00;1;28/09/2015;2015;9;3;9;
2520;13;R$ 646,25;1;28/09/2015;2015;9;3;9;
2521;13;R$ 1.180,00;1;28/09/2015;2015;9;3;9;
2522;13;R$ 730,00;4;28/09/2015;2015;9;3;9;
2523;13;R$ 1.000,00;2;30/09/2015;2015;9;3;10;
2524;13;R$ 112,00;3;24/09/2015;2015;9;3;10;
2525;13;R$ 1.155,00;7;16/09/2015;2015;9;3;10;
2526;13;R$ 1.532,00;6;04/09/2015;2015;9;3;9;
2527;13;R$ 2.080,00;3;15/09/2015;2015;9;3;9;
2528;13;R$ 2.900,00;1;15/09/2015;2015;9;3;4;
2529;1;R$ 1.860,00;2;01/09/2015;2015;9;1;1;
2530;1;R$ 681,30;4;22/09/2015;2015;9;1;1;
2531;1;R$ 6.998,66;1;23/09/2015;2015;9;1;1;
2532;12;R$ 459,80;2;29/09/2015;2015;9;6;7;
2533;12;R$ 795,00;2;04/09/2015;2015;9;6;7;
2534;12;R$ 810,00;2;09/09/2015;2015;9;6;7;
2535;12;R$ 910,00;1;29/09/2015;2015;9;6;7;
2536;12;R$ 85,90;2;29/09/2015;2015;9;6;7;
2537;12;R$ 650,00;4;29/09/2015;2015;9;6;7;
2538;12;R$ 16.950,44;1;30/09/2015;2015;9;6;7;
2539;13;R$ 2.647,40;10;08/09/2015;2015;9;3;9;
2540;13;R$ 3.261,96;13;14/09/2015;2015;9;3;9;
2541;13;R$ 3.968,05;12;21/09/2015;2015;9;3;9;
2542;13;R$ 3.722,65;12;28/09/2015;2015;9;3;9;
2543;13;R$ 19.433,46;1;30/09/2015;2015;9;3;10;
2544;1;R$ 779,00;7;09/10/2015;2015;10;1;1;
2545;1;R$ 1.169,00;4;13/10/2015;2015;10;1;1;
2546;1;R$ 812,30;6;23/10/2015;2015;10;1;1;
2547;13;R$ 1.625,00;1;05/10/2015;2015;10;3;9;
2548;13;R$ 1.387,45;7;28/10/2015;2015;10;3;9;
2549;13;R$ 4.349,80;4;02/10/2015;2015;10;3;9;
2550;13;R$ 782,60;1;21/10/2015;2015;10;3;9;
2551;13;R$ 1.677,00;1;16/10/2015;2015;10;3;9;
2552;13;R$ 1.092,00;1;30/10/2015;2015;10;3;9;
2553;13;R$ 648,00;1;08/10/2015;2015;10;3;9;
2554;13;R$ 5.292,83;10;16/10/2015;2015;10;3;9;
2555;13;R$ 6.333,40;18;07/10/2015;2015;10;3;4;
2556;13;R$ 359,00;11;30/10/2015;2015;10;3;4;
2557;12;R$ 2.167,00;2;14/10/2015;2015;10;6;7;
2558;12;R$ 4.012,10;9;13/10/2015;2015;10;6;7;
2559;12;R$ 1.900,00;1;26/10/2015;2015;10;6;7;
2560;12;R$ 576,00;1;16/10/2015;2015;10;6;7;
2561;12;R$ 2.006,20;1;28/10/2015;2015;10;6;7;
2562;13;R$ 150,00;1;07/10/2015;2015;10;3;10;
2563;12;R$ 449,00;14;20/10/2015;2015;10;6;7;
2564;12;R$ 815,00;19;23/10/2015;2015;10;6;7;
2565;12;R$ 378,75;14;20/10/2015;2015;10;6;7;
2566;1;R$ 8.933,60;1;21/10/2015;2015;10;1;1;
2567;12;R$ 17.389,77;1;30/10/2015;2015;10;6;7;
2568;13;R$ 32.241,91;1;30/10/2015;2015;10;3;10;
2569;13;R$ 20.369,91;30;30/10/2015;2015;10;3;9;
2570;13;R$ 726,70;1;10/11/2015;2015;11;3;9;
2571;13;R$ 1.550,00;3;13/11/2015;2015;11;3;4;
2572;13;R$ 600,00;2;13/11/2015;2015;11;3;4;
2573;13;R$ 2.673,70;2;03/11/2015;2015;11;3;4;
2574;13;R$ 391,00;4;26/11/2015;2015;11;3;4;
2575;13;R$ 940,00;4;05/11/2015;2015;11;3;4;
2576;13;R$ 2.690,40;1;22/11/2015;2015;11;3;4;
2577;13;R$ 1.250,50;1;05/11/2015;2015;11;3;4;
2578;13;R$ 740,00;1;05/11/2015;2015;11;3;4;
2579;13;R$ 646,25;1;05/11/2015;2015;11;3;4;
2580;12;R$ 3.853,40;11;16/11/2015;2015;11;6;7;
2581;12;R$ 1.155,35;9;03/11/2015;2015;11;6;7;
2582;12;R$ 1.030,00;3;19/11/2015;2015;11;6;7;
2583;12;R$ 387,00;1;30/11/2015;2015;11;6;7;
2584;12;R$ 1.240,00;2;13/11/2015;2015;11;6;7;
2585;1;R$ 25,00;1;26/11/2015;2015;11;1;1;
2586;19;R$ 300,00;1;04/11/2015;2015;11;4;5;
2587;13;R$ 540,00;1;16/11/2015;2015;11;3;9;
2588;1;R$ 6.903,37;1;25/11/2015;2015;11;1;1;
2589;12;R$ 9.259,14;1;25/11/2015;2015;11;6;7;
2590;13;R$ 30.030,50;1;25/11/2015;2015;11;3;10;
2591;13;R$ 15.305,39;15;30/11/2015;2015;11;3;9;
2592;13;R$ 4.521,00;4;17/12/2015;2015;12;3;9;
2593;13;R$ 1.588,50;2;12/12/2015;2015;12;3;9;
2594;13;R$ 2.850,00;2;01/12/2015;2015;12;3;9;
2595;13;R$ 1.107,60;2;09/12/2015;2015;12;3;9;
2596;1;R$ 832,00;5;04/12/2015;2015;12;1;1;
2597;19;R$ 300,00;1;02/12/2015;2015;12;4;5;
2598;19;R$ 264,00;2;21/12/2015;2015;12;4;5;
2599;19;R$ 184,00;2;18/12/2015;2015;12;4;5;
2600;1;R$ 968,00;2;18/12/2015;2015;12;1;1;
2601;1;R$ 766,80;3;30/12/2015;2015;12;1;1;
2602;12;R$ 264,00;2;21/12/2015;2015;12;6;7;
2603;12;R$ 371,00;4;21/12/2015;2015;12;6;7;
2604;12;R$ 243,00;9;28/12/2015;2015;12;6;7;
2605;12;R$ 450,00;1;29/12/2015;2015;12;6;7;
2606;12;R$ 6.098,70;16;30/12/2015;2015;12;6;7;
2607;12;R$ 8.100,00;1;28/12/2015;2015;12;6;7;
2608;12;R$ 2.167,00;2;17/12/2015;2015;12;6;7;
2609;13;R$ 332,00;2;18/12/2015;2015;12;3;4;
2610;13;R$ 1.456,00;1;28/12/2015;2015;12;3;9;
2611;13;R$ 225,00;1;28/12/2015;2015;12;3;4;
2612;13;R$ 204,00;4;28/12/2015;2015;12;3;4;
2613;13;R$ 1.534,00;1;23/12/2015;2015;12;3;9;
2614;13;R$ 2.340,00;1;21/12/2015;2015;12;3;9;
2615;13;R$ 1.968,00;1;21/12/2015;2015;12;3;9;
2616;13;R$ 1.500,00;1;21/12/2015;2015;12;3;9;
2617;13;R$ 1.222,00;1;21/12/2015;2015;12;3;9;
2618;13;R$ 1.165,00;4;21/12/2015;2015;12;3;9;
2619;1;R$ 600,00;2;28/12/2015;2015;12;1;1;
2620;13;R$ 23.426,08;1;30/12/2015;2015;12;3;10;
2621;12;R$ 15.440,56;1;30/12/2015;2015;12;6;7;
2622;1;R$ 9.367,41;1;29/12/2015;2015;12;1;1;
2623;13;R$ 9.568,50;19;21/12/2015;2015;12;3;9;
2624;1;R$ 600,00;2;04/01/2016;2016;1;1;1;
2625;1;R$ 6.428,58;1;29/01/2016;2016;1;1;1;
2626;12;R$ 319,60;1;29/01/2016;2016;1;6;7;
2627;12;R$ 3.383,00;6;11/01/2016;2016;1;6;7;
2628;12;R$ 2.925,00;2;29/01/2016;2016;1;6;7;
2629;12;R$ 835,54;5;29/01/2016;2016;1;6;7;
2630;19;R$ 1.643,50;19;29/01/2016;2016;1;4;5;
2631;13;R$ 5.792,00;1;29/01/2016;2016;1;3;10;
2632;13;R$ 4.968,74;24;20/01/2016;2016;1;3;9;
2633;13;R$ 1.504,80;1;18/01/2016;2016;1;3;9;
2634;13;R$ 2.700,70;5;26/01/2016;2016;1;3;9;
2635;13;R$ 2.419,75;5;18/01/2016;2016;1;3;9;
2636;13;R$ 13.647,25;1;28/01/2016;2016;1;3;10;
2637;12;R$ 3.791,64;1;29/01/2016;2016;1;6;7;
2638;1;R$ 795,00;1;01/02/2016;2016;2;1;1;
2639;1;R$ 1.190,00;2;19/02/2016;2016;2;1;1;
2640;1;R$ 814,94;7;03/02/2016;2016;2;1;1;
2641;13;R$ 7.680,00;6;16/02/2016;2016;2;3;9;
2642;13;R$ 2.896,00;1;16/02/2016;2016;2;3;10;
2643;13;R$ 2.896,00;1;15/02/2016;2016;2;3;10;
2644;13;R$ 1.700,00;3;22/02/2016;2016;2;3;9;
2645;13;R$ 3.000,00;24;29/02/2016;2016;2;3;4;
2646;13;R$ 3.000,00;21;29/02/2016;2016;2;3;9;
2647;13;R$ 16.556,59;1;24/02/2016;2016;2;3;10;
2648;12;R$ 560,00;1;12/02/2016;2016;2;6;7;
2649;12;R$ 835,54;5;12/02/2016;2016;2;6;7;
2650;12;R$ 3.950,00;3;23/02/2016;2016;2;6;7;
2651;12;R$ 926,84;6;17/02/2016;2016;2;6;7;
2652;12;R$ 420,00;1;23/02/2016;2016;2;6;7;
2653;12;R$ 2.000,00;1;19/02/2016;2016;2;6;7;
2654;12;R$ 524,04;3;04/02/2016;2016;2;6;7;
2655;12;R$ 2.810,00;3;04/02/2016;2016;2;6;7;
2656;12;R$ 323,00;3;04/02/2016;2016;2;6;7;
2657;12;R$ 390,00;4;29/02/2016;2016;2;6;7;
2658;12;R$ 186,00;6;23/02/2016;2016;2;6;7;
2659;12;R$ 785,00;18;23/02/2016;2016;2;6;7;
2660;13;R$ 5.660,00;4;15/02/2016;2016;2;3;10;
2661;13;R$ 259,00;17;23/02/2016;2016;2;3;9;
2662;19;R$ 1.016,00;2;19/02/2016;2016;2;4;5;
2663;13;R$ 1.143,85;10;25/02/2016;2016;2;3;9;
2664;13;R$ 522,58;10;29/02/2016;2016;2;3;9;
2665;12;R$ 17.465,73;1;29/02/2016;2016;2;6;7;
2666;1;R$ 8.575,33;1;24/02/2016;2016;2;1;1;
2667;12;R$ 540,00;1;26/03/2016;2016;3;6;7;
2668;19;R$ 273,00;1;26/03/2016;2016;3;4;5;
2669;13;R$ 159,50;5;02/03/2016;2016;3;3;9;
2670;13;R$ 6.985,00;3;30/03/2016;2016;3;3;9;
2671;13;R$ 400,00;3;03/03/2016;2016;3;3;9;
2672;1;R$ 860,00;3;26/03/2016;2016;3;1;1;
2673;1;R$ 342,70;3;26/03/2016;2016;3;1;1;
2674;1;R$ 422,85;24;26/03/2016;2016;3;1;1;
2675;1;R$ 9.995,69;1;29/03/2016;2016;3;1;1;
2676;13;R$ 27.453,21;1;29/03/2016;2016;3;3;10;
2677;19;R$ 3.444,14;1;29/03/2016;2016;3;4;5;
2678;12;R$ 20.403,47;1;29/03/2016;2016;3;6;7;
2679;13;R$ 349,21;9;08/03/2016;2016;3;3;9;
2680;13;R$ 8.077,68;17;17/03/2016;2016;3;3;9;
2681;1;R$ 537,00;1;05/04/2016;2016;4;1;1;
2682;1;R$ 2.475,00;1;30/04/2016;2016;4;1;1;
2683;20;R$ 280,00;1;26/04/2016;2016;4;6;7;
2684;13;R$ 1.920,00;2;05/04/2016;2016;4;3;4;
2685;13;R$ 260,00;1;12/04/2016;2016;4;3;9;
2686;13;R$ 930,60;5;12/04/2016;2016;4;3;9;
2687;13;R$ 897,30;5;20/04/2016;2016;4;3;9;
2688;13;R$ 984,60;4;20/04/2016;2016;4;3;9;
2689;13;R$ 248,80;2;12/04/2016;2016;4;3;10;
2690;13;R$ 1.593,22;5;29/04/2016;2016;4;3;9;
2691;13;R$ 185,00;3;25/04/2016;2016;4;3;10;
2692;13;R$ 988,00;11;25/04/2016;2016;4;3;10;
2693;13;R$ 2.525,00;8;28/04/2016;2016;4;3;9;
2694;13;R$ 16.273,64;36;30/04/2016;2016;4;3;9;
2695;20;R$ 2.830,00;3;14/04/2016;2016;4;6;7;
2696;20;R$ 7.880,00;4;26/04/2016;2016;4;6;7;
2697;20;R$ 3.990,00;3;26/04/2016;2016;4;6;7;
2698;13;R$ 23.943,70;1;29/04/2016;2016;4;3;10;
2699;1;R$ 6.430,62;1;28/04/2016;2016;4;1;1;
2700;20;R$ 7.000,00;1;28/04/2016;2016;4;6;7;
2701;21;R$ 6.000,00;1;28/04/2016;2016;4;5;8;
2702;20;R$ 7.880,00;1;28/04/2016;2016;4;6;7;
2703;13;R$ 1.920,00;1;28/04/2016;2016;4;3;10;
2704;20;R$ 560,00;1;11/05/2016;2016;5;6;7;
2705;20;R$ 2.060,00;3;17/05/2016;2016;5;6;7;
2706;19;R$ 1.080,00;13;06/05/2016;2016;5;4;5;
2707;13;R$ 1.500,00;1;30/05/2016;2016;5;3;9;
2708;13;R$ 570,00;1;05/05/2016;2016;5;3;9;
2709;13;R$ 1.170,00;1;20/05/2016;2016;5;3;9;
2710;13;R$ 952,20;4;20/05/2016;2016;5;3;9;
2711;13;R$ 694,90;5;11/05/2016;2016;5;3;9;
2712;13;R$ 982,30;6;04/05/2016;2016;5;3;9;
2713;13;R$ 934,40;6;31/05/2016;2016;5;3;9;
2714;13;R$ 930,10;4;23/05/2016;2016;5;3;9;
2715;13;R$ 669,00;2;17/05/2016;2016;5;3;9;
2716;13;R$ 280,10;3;10/05/2016;2016;5;3;9;
2717;13;R$ 1.197,00;3;17/05/2016;2016;5;3;9;
2718;13;R$ 970,00;6;20/05/2016;2016;5;3;10;
2719;13;R$ 690,00;4;16/05/2016;2016;5;3;10;
2720;13;R$ 9.443,40;20;31/05/2016;2016;5;3;9;
2721;13;R$ 1.715,07;3;31/05/2016;2016;5;3;9;
2722;1;R$ 8.764,17;1;30/05/2016;2016;5;1;1;
2723;13;R$ 29.308,19;1;30/05/2016;2016;5;3;10;
2724;20;R$ 17.592,21;1;30/05/2016;2016;5;6;7;
2725;19;R$ 3.089,78;1;30/05/2016;2016;5;4;5;
2726;13;R$ 580,00;1;30/06/2016;2016;6;3;9;
2727;13;R$ 1.251,20;7;14/06/2016;2016;6;3;9;
2728;20;R$ 282,00;3;07/06/2016;2016;6;6;7;
2729;20;R$ 370,00;7;07/06/2016;2016;6;6;7;
2730;20;R$ 1.520,00;3;06/06/2016;2016;6;6;7;
2731;20;R$ 247,00;1;02/06/2016;2016;6;6;7;
2732;20;R$ 5.200,00;1;30/06/2016;2016;6;6;7;
2733;20;R$ 560,00;1;30/06/2016;2016;6;6;7;
2734;20;R$ 5.745,00;17;30/06/2016;2016;6;6;7;
2735;19;R$ 648,00;4;30/06/2016;2016;6;4;5;
2736;13;R$ 153,00;10;07/06/2016;2016;6;3;4;
2737;13;R$ 4.550,00;4;15/06/2016;2016;6;3;10;
2738;13;R$ 1.935,93;8;15/06/2016;2016;6;3;10;
2739;1;R$ 340,82;6;10/06/2016;2016;6;1;1;
2740;1;R$ 330,30;18;10/06/2016;2016;6;1;1;
2741;13;R$ 19.962,92;29;30/06/2016;2016;6;3;9;
2742;1;R$ 65.043,02;1;28/06/2016;2016;6;1;1;
2743;13;R$ 961,50;3;25/07/2016;2016;7;3;9;
2744;13;R$ 855,00;1;29/07/2016;2016;7;3;9;
2745;13;R$ 1.293,10;1;29/07/2016;2016;7;3;9;
2746;13;R$ 1.960,00;2;29/07/2016;2016;7;3;9;
2747;13;R$ 1.200,00;1;29/07/2016;2016;7;3;9;
2748;13;R$ 100,80;2;20/07/2016;2016;7;3;10;
2749;13;R$ 2.998,60;1;29/07/2016;2016;7;3;10;
2750;13;R$ 1.040,00;1;14/07/2016;2016;7;3;9;
2751;13;R$ 362,80;4;26/07/2016;2016;7;3;9;
2752;13;R$ 389,30;5;05/07/2016;2016;7;3;9;
2753;13;R$ 272,80;3;20/07/2016;2016;7;3;9;
2754;13;R$ 9.810,00;5;26/07/2016;2016;7;3;9;
2755;20;R$ 523,40;6;20/07/2016;2016;7;6;7;
2756;20;R$ 480,00;1;22/07/2016;2016;7;6;7;
2757;20;R$ 302,00;1;15/07/2016;2016;7;6;7;
2758;20;R$ 525,00;1;15/07/2016;2016;7;6;7;
2759;20;R$ 4.108,80;8;12/07/2016;2016;7;6;7;
2760;20;R$ 405,19;3;15/07/2016;2016;7;6;7;
2761;1;R$ 339,00;4;18/07/2016;2016;7;1;1;
2762;1;R$ 502,51;22;20/07/2016;2016;7;1;1;
2763;13;R$ 4.654,00;7;29/07/2016;2016;7;3;9;
2764;13;R$ 7.376,00;10;15/07/2016;2016;7;3;4;
2765;13;R$ 23.687,00;1;29/07/2016;2016;7;3;10;
2766;1;R$ 7.228,16;1;29/07/2016;2016;7;1;1;
2767;19;R$ 3.287,00;1;29/07/2016;2016;7;4;5;
2768;20;R$ 19.408,49;1;29/07/2016;2016;7;6;7;
2769;13;R$ 12.918,64;22;29/07/2016;2016;7;3;9;
2770;13;R$ 857,50;2;22/08/2016;2016;8;3;9;
2771;20;R$ 835,00;2;22/08/2016;2016;8;6;7;
2772;20;R$ 2,35;1;30/08/2016;2016;8;6;7;
2773;20;R$ 210,00;2;30/08/2016;2016;8;6;7;
2774;20;R$ 380,77;9;11/08/2016;2016;8;6;7;
2775;20;R$ 6.000,00;5;30/08/2016;2016;8;6;7;
2776;1;R$ 1.795,00;11;30/08/2016;2016;8;1;1;
2777;13;R$ 537,40;4;23/08/2016;2016;8;3;9;
2778;13;R$ 570,00;2;30/08/2016;2016;8;3;10;
2779;13;R$ 598,70;7;31/08/2016;2016;8;3;4;
2780;13;R$ 3.065,00;4;05/08/2016;2016;8;3;10;
2781;13;R$ 11.193,45;28;31/08/2016;2016;8;3;9;
2782;13;R$ 28.250,15;1;31/08/2016;2016;8;3;10;
2783;19;R$ 2.212,25;1;31/08/2016;2016;8;4;5;
2784;1;R$ 7.355,28;1;31/08/2016;2016;8;1;1;
2785;20;R$ 20.815,31;1;31/08/2016;2016;8;6;7;
2786;1;R$ 1.360,00;2;30/09/2016;2016;9;1;1;
2787;1;R$ 170,00;2;19/09/2016;2016;9;1;1;
2788;1;R$ 567,00;1;08/09/2016;2016;9;1;1;
2789;1;R$ 594,90;25;15/09/2016;2016;9;1;1;
2790;20;R$ 340,00;2;30/09/2016;2016;9;6;7;
2791;20;R$ 604,69;11;30/09/2016;2016;9;6;7;
2792;19;R$ 460,00;2;30/09/2016;2016;9;4;5;
2793;19;R$ 500,00;1;13/09/2016;2016;9;4;5;
2794;20;R$ 464,74;12;30/09/2016;2016;9;6;7;
2795;13;R$ 251,70;6;28/09/2016;2016;9;3;9;
2796;13;R$ 720,00;2;18/09/2016;2016;9;3;4;
2797;13;R$ 796,00;1;20/09/2016;2016;9;3;9;
2798;13;R$ 1.042,70;4;27/09/2016;2016;9;3;9;
2799;13;R$ 300,95;2;20/09/2016;2016;9;3;9;
2800;13;R$ 597,80;3;16/09/2016;2016;9;3;9;
2801;13;R$ 3.480,00;3;16/09/2016;2016;9;3;10;
2802;13;R$ 1.300,00;1;06/09/2016;2016;9;3;10;
2803;13;R$ 479,50;2;21/09/2016;2016;9;3;9;
2804;13;R$ 490,20;1;20/09/2016;2016;9;3;9;
2805;13;R$ 537,40;4;06/09/2016;2016;9;3;9;
2806;13;R$ 1.194,50;4;15/09/2016;2016;9;3;9;
2807;13;R$ 1.194,50;4;08/09/2016;2016;9;3;9;
2808;13;R$ 272,80;3;13/09/2016;2016;9;3;9;
2809;13;R$ 10.259,45;9;30/09/2016;2016;9;3;9;
2810;20;R$ 3.982,00;2;22/09/2016;2016;9;6;7;
2811;20;R$ 2.035,00;1;16/09/2016;2016;9;6;7;
2812;20;R$ 3.360,00;31;22/09/2016;2016;9;6;7;
2813;13;R$ 8.861,59;20;30/09/2016;2016;9;3;9;
2814;13;R$ 837,60;1;30/09/2016;2016;9;3;9;
2815;1;R$ 13.661,09;1;30/09/2016;2016;9;1;1;
2816;20;R$ 20.579,72;1;30/09/2016;2016;9;6;7;
2817;19;R$ 3.448,26;1;30/09/2016;2016;9;4;5;
2818;13;R$ 39.008,16;1;30/09/2016;2016;9;3;10;
2819;13;R$ 2.962,00;2;19/10/2016;2016;10;3;10;
2820;13;R$ 2.912,00;2;19/10/2016;2016;10;3;10;
2821;13;R$ 947,94;3;19/10/2016;2016;10;3;9;
2822;13;R$ 2.706,75;2;19/10/2016;2016;10;3;9;
2823;13;R$ 989,00;3;19/10/2016;2016;10;3;9;
2824;13;R$ 945,00;1;19/10/2016;2016;10;3;9;
2825;13;R$ 1.300,00;1;19/10/2016;2016;10;3;9;
2826;13;R$ 4.234,40;1;19/10/2016;2016;10;3;9;
2827;13;R$ 380,30;4;18/10/2016;2016;10;3;9;
2828;13;R$ 1.392,50;5;17/10/2016;2016;10;3;9;
2829;13;R$ 1.800,00;1;06/10/2016;2016;10;3;9;
2830;13;R$ 867,00;2;07/10/2016;2016;10;3;9;
2831;13;R$ 1.252,50;4;11/10/2016;2016;10;3;9;
2832;13;R$ 412,40;4;11/10/2016;2016;10;3;9;
2833;13;R$ 272,80;3;05/10/2016;2016;10;3;9;
2834;13;R$ 17.456,43;27;31/10/2016;2016;10;3;9;
2835;1;R$ 6.286,18;1;25/10/2016;2016;10;1;1;
2836;19;R$ 2.845,70;1;25/10/2016;2016;10;4;5;
2837;13;R$ 26.554,41;1;25/10/2016;2016;10;3;10;
2838;20;R$ 20.782,67;1;25/10/2016;2016;10;6;7;
2839;13;R$ 1.223,50;4;22/11/2016;2016;11;3;9;
2840;13;R$ 804,60;3;07/11/2016;2016;11;3;10;
2841;13;R$ 1.252,50;4;08/11/2016;2016;11;3;9;
2842;13;R$ 691,70;4;08/11/2016;2016;11;3;9;
2843;19;R$ 977,30;5;11/11/2016;2016;11;4;5;
2844;1;R$ 1.275,30;6;11/11/2016;2016;11;1;1;
2845;1;R$ 4.679,00;9;16/11/2016;2016;11;1;1;
2846;13;R$ 265,20;2;04/11/2016;2016;11;3;10;
2847;13;R$ 541,10;4;22/11/2016;2016;11;3;9;
2848;13;R$ 3.968,91;2;28/11/2016;2016;11;3;9;
2849;13;R$ 843,00;3;23/11/2016;2016;11;3;9;
2850;13;R$ 5.254,00;3;23/11/2016;2016;11;3;9;
2851;13;R$ 4.053,50;1;23/11/2016;2016;11;3;9;
2852;13;R$ 1.200,00;1;23/11/2016;2016;11;3;9;
2853;20;R$ 532,28;7;21/11/2016;2016;11;6;7;
2854;1;R$ 695,89;21;21/11/2016;2016;11;1;1;
2855;13;R$ 3.620,00;2;02/11/2016;2016;11;3;10;
2856;13;R$ 1.380,00;2;07/11/2016;2016;11;3;4;
2857;13;R$ 615,00;1;07/11/2016;2016;11;3;4;
2858;20;R$ 5.444,60;14;01/11/2016;2016;11;6;7;
2859;20;R$ 6.223,80;12;01/11/2016;2016;11;6;7;
2860;13;R$ 16.959,62;22;30/11/2016;2016;11;3;9;
2861;13;R$ 33.435,72;1;30/11/2016;2016;11;3;10;
2862;1;R$ 9.361,26;1;30/11/2016;2016;11;1;1;
2863;19;R$ 3.327,09;1;30/11/2016;2016;11;4;5;
2864;20;R$ 15.406,60;1;30/11/2016;2016;11;6;7;
2865;13;R$ 15.622,66;25;22/12/2016;2016;12;3;9;
2866;13;R$ 273,36;2;21/12/2016;2016;12;3;9;
2867;20;R$ 600,00;1;15/12/2016;2016;12;6;7;
2868;20;R$ 140,00;1;08/12/2016;2016;12;6;7;
2869;20;R$ 1.766,00;4;06/12/2016;2016;12;6;7;
2870;20;R$ 1.425,54;8;15/12/2016;2016;12;6;7;
2871;13;R$ 1.100,00;1;19/12/2016;2016;12;3;9;
2872;13;R$ 2.710,00;3;19/12/2016;2016;12;3;9;
2873;13;R$ 2.839,92;2;19/12/2016;2016;12;3;9;
2874;13;R$ 1.800,00;1;16/12/2016;2016;12;3;9;
2875;13;R$ 130,00;3;08/12/2016;2016;12;3;10;
2876;13;R$ 188,00;2;29/12/2016;2016;12;3;4;
2877;13;R$ 1.530,00;5;09/12/2016;2016;12;3;10;
2878;13;R$ 127,00;3;09/12/2016;2016;12;3;10;
2879;13;R$ 2.776,26;3;19/12/2016;2016;12;3;9;
2880;13;R$ 3.986,50;1;19/12/2016;2016;12;3;9;
2881;1;R$ 548,00;2;29/12/2016;2016;12;1;1;
2882;1;R$ 378,00;1;06/12/2016;2016;12;1;1;
2883;1;R$ 1.465,48;3;15/12/2016;2016;12;1;1;
2884;1;R$ 1.805,00;6;29/12/2016;2016;12;1;1;
2885;20;R$ 500,00;1;29/12/2016;2016;12;6;7;
2886;20;R$ 1.335,50;4;05/12/2016;2016;12;6;7;
2887;20;R$ 108,00;2;29/12/2016;2016;12;6;7;
2888;13;R$ 7.131,00;17;22/12/2016;2016;12;3;4;
2889;13;R$ 635,00;3;23/12/2016;2016;12;3;10;
2890;13;R$ 2.298,60;1;23/12/2016;2016;12;3;10;
2891;19;R$ 7.651,43;1;30/12/2016;2016;12;4;5;
2892;13;R$ 29.550,70;1;30/12/2016;2016;12;3;10;
2893;19;R$ 898,11;1;21/12/2016;2016;12;4;5;
2894;1;R$ 7.651,43;1;29/12/2016;2016;12;1;1;
2895;20;R$ 21.804,48;1;30/12/2016;2016;12;6;7;
